pro_com_t,comune,provincia,regione,cod_reg,latitude,longitude,altitudine,area_kmq,zona_alt,distanza_roma_km,penalita_altitudine_km,distanza_corretta_roma_km,popolazione_2025,indice_vecchiaia_2025,indice_dipendenza_2025,saldo_migratorio_2025,eta_media_2025,pct_65plus_2025,pct_0_2_2025,pct_15_64_2025,popolazione_2021,indice_vecchiaia_2021,variazione_popolazione_2021_2025,variazione_pct_popolazione_2021_2025,variazione_indice_vecchiaia_2021_2025,reddito_medio_2023,tasso_occupazione_2023,tasso_disoccupazione_2023,imprese_per_1000_ab_2023,autonomia_finanziaria_2025,dipendenza_centro_2025,spesa_infrastrutture_procapite_2025,spesa_istruzione_procapite_2025,spesa_cultura_procapite_2025,entrate_totali_2025,spese_totali_2025,saldo_bilancio_2025,pct_urbano_2025,pct_natura_2025,pct_agricoltura_2025,pct_residenziale_2025,densita_abitativa,classe_altitudine,classe_distanza_roma
066049,L'Aquila,AQ,Abruzzo,13,42.39343710532216,13.424737654496912,722,473.9067,1,94,7.2,101.2,70425,219.2354665363947,59.023167592467146,724,46.53466808661697,25.489527866524668,1.8871139510117145,62.8839190628328,69349,197.96738359725833,1076,1.55,21.3,25550.259219992426,66.80877256976108,8.007910597689603,104.40861913033491,60.50385997452761,29.01543770324546,45.33089499467519,38.44109293574725,2.5592640397586086,304623947.75000006,419163523.9999999,-114539576.24999982,1.4619494872390562,1.5484606108880112,1.416591992742801,1.2424634650913235,148.6,Alta (>600m),Lontano (>90km)
066006,Avezzano,AQ,Abruzzo,13,42.037301038289975,13.446009091122011,690,104.0845,1,79.9,6.9,86.8,40948,187.5895450145208,56.92496359316318,490,45.74838819966787,23.661717299990233,1.9732343459998045,63.72472404024616,41283,159.94652406417111,-335,-0.81,27.6,21149.808649701015,61.69596217638311,10.2800110895481,97.28961427241092,86.28240465494765,3.8866355334324374,57.17099101299209,70.92583886880922,2.303571114584351,43753327.90000001,51992633.37,-8239305.469999984,9.010454947725261,90.62504687476563,89.79855100724497,6.818965905170474,393.4,Alta (>600m),Medio (70-90km)
066098,Sulmona,AQ,Abruzzo,13,42.06558997459238,13.934360513566038,411,57.9277,1,120.2,4.1,124.3,21759,324.5238095238095,69.40984117097477,26,50.09039937497128,31.320373178914473,1.3373776368399284,59.028447998529344,22643,288.4083044982699,-884,-3.9,36.1,22427.3320931349,60.83524904214559,7.942949907235622,91.98198198198199,64.86615133087409,22.97876042277519,5.597373500620433,49.08139758260949,2.9246109655774624,29232493.08,32384843.089999992,-3152350.009999994,0.9894799793405278,2.397284064720931,2.312109048184292,0.5373274979385834,375.6,Media (300-600m),Lontano (>90km)
066032,Celano,AQ,Abruzzo,13,42.07711952880598,13.56639198630477,840,82.7991,1,90.5,8.4,98.9,10166,176.56012176560122,55.63380281690141,4,45.009541609285854,22.821168601219753,2.3214637025378715,64.25339366515837,10431,161.30690161527167,-265,-2.54,15.3,17070.729201563372,59.27505330490405,10.466988727858293,75.78269774700088,94.72644107525508,4.328337012277646,58.232325398386784,327.9437576234507,null,33383270.080000006,36250598.60000002,-2867328.5200000107,0.3242291577769639,19.778986590688408,19.777978624394805,0.24123993293664264,122.8,Alta (>600m),Lontano (>90km)
066075,Pratola Peligna,AQ,Abruzzo,13,42.09903144947887,13.897017965801508,307,28.6736,1,117.8,3.1,120.8,6936,262.1438263229308,62.54980079681275,2,48.13062283737024,27.854671280276815,1.4994232987312572,61.51960784313726,7187,217.46216530849824,-251,-3.49,44.7,19718.271049596307,59.976985040276176,8.045165843330981,75.55744922596222,88.23039133972459,8.871615542415432,184.18345588235294,76.32707324106113,null,13423268.859999996,14578380.479999995,-1155111.6199999992,0.5542442955018438,0.2806889129430155,0.26611169867967654,0.09335620198436206,241.9,Media (300-600m),Lontano (>90km)
066028,Castel di Sangro,AQ,Abruzzo,13,41.78170400805819,14.120508465290747,806,84.4297,1,135.2,8.1,143.3,6629,243.50453172205437,52.2158438576349,-10,46.9910997133806,24.317393271986727,1.5236083873887463,65.69618343641575,6533,211.48936170212767,96,1.47,32,18976.865910471948,60.0739371534196,10.344827586206897,121.76283507496592,71.47317186445716,5.556726278226414,521.6487479257806,24.164291748378336,0.8202323125659978,16414295.950000003,18219169.589999996,-1804873.6399999931,75.66702241195304,13.767342582710778,7.257203842049092,55.28281750266809,78.5,Alta (>600m),Lontano (>90km)
066099,Tagliacozzo,AQ,Abruzzo,13,42.06599712218423,13.25513704627975,738,87.4574,1,65.3,7.4,72.7,6416,287.9310344827586,62.801319462065464,66,48.967736907730675,28.631546134663346,1.6365336658354115,61.42456359102244,6443,239.08839779005524,-27,-0.42,48.8,21151.996458610003,57.12496869521663,11.451863354037267,80.34188034188034,87.86273964013938,7.4184766849665795,65.02024314214464,204.23140430174564,1.429925187032419,12878554.39,13343027.640000004,-464473.2500000037,93.9297124600639,0.6389776357827476,0,90.73482428115015,73.4,Alta (>600m),Medio (70-90km)
066051,Luco dei Marsi,AQ,Abruzzo,13,41.954908989299824,13.477382522717749,664,44.8647,1,81.4,6.6,88,5884,143.08755760368663,55.908850026497085,68,43.801495581237255,21.108089734874234,2.362338545207342,64.1400407885792,6047,124.84210526315789,-163,-2.7,18.2,16795.793658657418,58.33990018387182,10.874799357945426,52.622701973351326,87.92533118078354,10.4864648881601,0,7.63519884432359,null,9694696.73,9809026.769999998,-114330.03999999724,0.7325945636431002,99.26066893462226,99.25056418202027,0.6736501734649196,131.1,Alta (>600m),Medio (70-90km)
066102,Trasacco,AQ,Abruzzo,13,41.950583348821084,13.539135427976209,693,51.443,1,86.4,6.9,93.4,5784,190.07731958762886,63.71355788281913,41,45.79719917012448,25.50138312586445,2.0919778699861684,61.082295988935,5978,161.1494252873563,-194,-3.25,28.9,19178.574358974358,62.87086747668833,7.943731899048408,52.39649544751761,89.21501498922873,6.85042639569286,147.07080048409406,91.43371369294606,null,9931124.969999999,9691155.350000003,239969.61999999546,0.03723638333164077,99.93229748485156,99.91875698182189,0,112.4,Alta (>600m),Lontano (>90km)
066025,Carsoli,AQ,Abruzzo,13,42.11642368824806,13.114088515462592,601,95.7951,1,56.3,6.0,62.3,4957,238.01980198019803,52.52307692307692,37,47.36614888037119,24.248537421827717,1.654226346580593,65.5638491022796,5130,194.35215946843854,-173,-3.37,43.7,19598.28838412881,59.560171044593766,7.714150496923805,100.29850746268657,91.10053448412681,8.27366032556675,42.363112769820454,51.59446237643736,null,6513630.250000004,6310515.419999998,203114.83000000566,66.95992179863147,31.28054740957967,29.71652003910068,44.28152492668621,51.7,Alta (>600m),Vicino (50-70km)
066020,Capistrello,AQ,Abruzzo,13,41.97626365768828,13.376054554131253,737,60.9627,1,73.2,7.4,80.6,4649,296.8888888888889,62.38211666084527,-26,49.26177672617767,28.737362873736288,1.2260701226070123,61.583136158313614,4889,254.02750491159136,-240,-4.91,42.9,20896.8921841211,57.21596724667349,10.750399148483236,59.019812304483835,64.98845518698586,32.96526822479081,60.57268229726824,71.44357066035707,null,4400791.449999998,5518727.130000002,-1117935.6800000034,0.4936904689680277,0.5194746102044531,0.0022750712855669473,0.49065704058727166,76.3,Alta (>600m),Medio (70-90km)
066072,Pizzoli,AQ,Abruzzo,13,42.45029839641826,13.33233071587088,743,56.4355,1,91.9,7.4,99.4,4217,152.994555353902,49.3800921006022,-5,44.03628171686033,19.990514583827366,1.9445103153900876,66.94332463836851,4259,126.60098522167488,-42,-0.99,26.4,21650.309921581997,63.28983516483516,7.6190476190476195,63.99813823597859,85.23718652652798,14.528489157488364,41.45393881906569,29.886993123073275,null,14239131.34,13420437.579999996,818693.7600000035,0.2128271958298022,0.009594013335678537,0,0.1917203664913094,74.7,Alta (>600m),Lontano (>90km)
066095,Scoppito,AQ,Abruzzo,13,42.36033408525916,13.221337092671021,762,53.0036,1,78.5,7.6,86.1,3826,140.83044982698962,57.18981101068201,13,43.82566649242028,21.275483533716674,2.0648196549921587,63.617354939885,3802,110,24,0.63,30.8,26298.922651933703,67.11934156378601,6.425702811244979,66.36460554371003,89.65378242364157,10.071752138311977,0,64.03830632514375,null,19456199.310000002,20840477.709999997,-1384278.3999999948,89.66148215919488,3.293687099725526,2.5617566331198534,79.23147301006404,72.2,Alta (>600m),Medio (70-90km)
066085,San Benedetto dei Marsi,AQ,Abruzzo,13,42.00650071752849,13.60251106773824,681,16.7609,1,92.2,6.8,99,3687,183.16008316008316,58.58064516129032,31,45.78844589096827,23.894765391917545,2.6308652020612966,63.05939788445891,3761,166.9387755102041,-74,-1.97,16.2,17164.69269703543,62.65471617584294,9.045848822800496,65.55165902346911,90.17886152929118,7.33006678075427,101.82303770002711,349.06414971521565,null,4481592.209999999,4821250.369999998,-339658.1599999992,0.9914966557994151,98.99842032736194,98.99505932174907,0.7041306758982288,220,Alta (>600m),Lontano (>90km)
066069,Pescina,AQ,Abruzzo,13,42.010425151425494,13.645918187697623,727,48.7943,1,95.8,7.3,103.1,3648,270.8641975308642,69.99068033550792,43,49.00438596491228,30.07127192982456,1.9736842105263157,58.82675438596491,3851,233.33333333333334,-203,-5.27,37.5,20671.11966126657,61.88731103985341,8.83940620782726,63.60708534621578,80.55367993642658,10.35654958620937,22.9373163377193,332.9793092105263,19.94263157894737,5124484.37,5648906.459999998,-524422.089999998,0.24137536895469003,19.814967962294343,19.807908237018513,0.14422010206345687,74.8,Alta (>600m),Lontano (>90km)
066053,Magliano de' Marsi,AQ,Abruzzo,13,42.12654089051817,13.337208740372168,728,70.9177,1,73.8,7.3,81.1,3451,236.68341708542712,63.477025106584556,-26,47.85772239930455,27.296435815705593,1.7676035931614025,61.17067516661837,3530,212.7058823529412,-79,-2.24,24,20540.008206811654,61.50256649556696,8.153310104529616,71.04290991759022,76.46744228279223,23.172732900902528,63.94453201970443,312.163086062011,null,6953363.81,6301077.299999999,652286.5100000007,0.052751478018263735,0.8248768155300351,0.7678270689325054,0.03008788005486154,48.7,Alta (>600m),Medio (70-90km)
066007,Balsorano,AQ,Abruzzo,13,41.79953743864192,13.583739686971095,350,58.8419,1,90.8,3.5,94.3,3234,235.32608695652175,61.7,-15,47.30364873222016,26.777983920841063,2.0408163265306123,61.84291898577613,3297,204.60358056265986,-63,-1.91,30.7,18838.503977538607,55.54455445544555,11.583924349881796,61.05006105006105,58.980512733492795,39.89790749592065,8.80778602350031,29.041740878169453,null,5769600.59,5896235.379999998,-126634.78999999817,45.22292993630573,52.22929936305732,0,36.94267515923567,55,Media (300-600m),Lontano (>90km)
066036,Civitella Roveto,AQ,Abruzzo,13,41.89689702144347,13.410274651725574,528,45.452,1,75.6,5.3,80.9,3026,240.54054054054055,59.936575052854124,9,47.06807666886979,26.47058823529412,1.6523463317911435,62.524785194976864,3068,194.8787061994609,-42,-1.37,45.7,20926.215865384616,57.604166666666664,10.372771474878444,64.59092414706856,95.2410559960299,4.563052061337083,0,null,null,3754968.7000000007,3880049.5100000007,-125080.81000000006,0.006669927520120948,0.014080958098033114,0,0,66.6,Media (300-600m),Medio (70-90km)
066101,Tornimparte,AQ,Abruzzo,13,42.2853111628113,13.277365963114272,879,65.9606,1,77.2,8.8,86,2721,274.0863787375415,70.59561128526646,19,48.96398382947446,30.319735391400222,1.7273061374494671,58.618155090040425,2865,244.0251572327044,-144,-5.03,30.1,21984.325647058824,67.07541385652974,6.013745704467354,49.8220640569395,57.62051135343531,37.9759384064278,136.19663726571113,114.93124954061007,41.13877618522602,6591308.819999999,9374181.359999998,-2782872.539999998,4.061862678450034,7.6875141627011105,4.849308860185815,4.033537276229322,41.3,Alta (>600m),Medio (70-90km)
066096,Scurcola Marsicana,AQ,Abruzzo,13,42.057433173601645,13.352148725762664,701,30.3822,1,72.8,7.0,79.8,2686,243.4931506849315,59.5959595959596,29,48.128816083395385,26.47058823529412,2.0104244229337302,62.65822784810127,2702,207.98722044728436,-16,-0.59,35.5,23978.722163865546,62.15420835785756,8.412836079791846,113.76352107422603,82.90953953213987,16.057056551017386,220.3103462397617,279.07007818317203,303.3345346239762,4597928.799999999,6016729.199999998,-1418800.3999999994,36.799410029498524,62.83185840707964,61.13569321533924,34.14454277286136,88.4,Alta (>600m),Medio (70-90km)
066077,Raiano,AQ,Abruzzo,13,42.09994419751983,13.809714957735356,386,28.9925,1,110.7,3.9,114.6,2621,270.27972027972027,67.797695262484,6,48.73407096528043,29.492560091568105,1.6024418161007248,59.59557420831744,2658,233.33333333333334,-37,-1.39,36.9,19289.98057259714,59.46291560102301,8.46456692913386,71.69954476479515,91.74913285543563,3.595257669012936,30.141159862647843,136.73506295307135,1.5502708889736743,6449653.52,5734974.17,714679.3499999996,0.0336227937635944,1.2423829843757783,1.2037790359805403,0.002075481096518173,90.4,Media (300-600m),Lontano (>90km)
066056,Montereale,AQ,Abruzzo,13,42.530058042386045,13.227916619353671,939,104.4085,1,92.2,9.4,101.6,2178,335.8139534883721,75.50362610797744,32,50.647842056932966,33.14967860422406,1.8824609733700643,56.978879706152426,2262,308.58369098712444,-84,-3.71,27.2,20121.376960193003,62.239999999999995,6.038647342995169,80.38147138964578,68.20085597819954,29.369057291587104,328.6068181818182,42.92365472910927,3.0312672176308544,9060822.680000002,12335844.779999997,-3275022.099999996,0.1531476285947593,0.9563783445440363,0.9492293369851523,0.14631635470515905,20.9,Alta (>600m),Lontano (>90km)
066092,San Vincenzo Valle Roveto,AQ,Abruzzo,13,41.83311022991288,13.52857864497589,380,46.0391,1,85.8,3.8,89.6,2056,479.4701986754967,74.08975444538527,-8,52.85700389105058,35.21400778210117,1.1673151750972763,57.44163424124513,2120,393.22033898305085,-64,-3.02,86.2,17068.993342210386,51.88284518828452,12.79887482419128,43.0622009569378,81.81302175257605,18.159357723918642,0.64931906614786,null,null,4368676.300000001,4173681.2399999998,194995.060000001,84.90566037735849,5.660377358490567,5.660377358490567,75.47169811320755,44.7,Media (300-600m),Medio (70-90km)
066068,Pescasseroli,AQ,Abruzzo,13,41.809622498715825,13.791227532676453,1155,91.1585,1,107.7,11.6,119.3,2030,272.1311475409836,50.481838398813935,-21,47.18866995073892,24.532019704433498,1.6748768472906401,66.45320197044336,2081,232.8502415458937,-51,-2.45,39.3,17153.490024937655,53.289949385394074,16.628959276018097,131.8203766296475,95.43223021179342,4.567769788206565,10.351320197044336,19.606108374384238,null,3998652.749999999,4423805.439999999,-425152.6899999995,0.15863409624413144,0.5419234154929577,0.3406506748826291,0.13204225352112675,22.3,Alta (>600m),Lontano (>90km)
066087,San Demetrio ne' Vestini,AQ,Abruzzo,13,42.283525411721016,13.555583027167058,659,16.4918,1,97.1,6.6,103.7,1981,174.40944881889763,54.283489096573206,35,44.85209490156487,22.362443210499748,2.0191822311963654,64.81574962140333,1880,155.17241379310346,101,5.37,19.2,18583.49611856034,61.000794281175544,9.859154929577464,82.5881115202525,79.53334819634487,5.588190163623256,0,49.21568399798082,null,21724801.620000005,22255085.05,-530283.429999996,0.20722429582491994,3.138142731852577,3.1303922168512512,0.19172326582226845,120.1,Alta (>600m),Lontano (>90km)
066048,Introdacqua,AQ,Abruzzo,13,41.997745522957715,13.893010640794103,638,37.1068,1,116,6.4,122.4,1932,326.7857142857143,59.01234567901235,9,49.41925465838509,28.416149068322984,1.3975155279503106,62.88819875776398,1981,240.57971014492753,-49,-2.47,86.2,20945.68604651163,61.26418152350082,8.02919708029197,41.1522633744856,87.64313226833434,11.393550165402791,23.214001035196684,28.080579710144928,1.0734989648033126,2312092.0900000003,2274998.5500000007,37093.53999999957,8.506277222649244,91.28875224186524,90.21265693056623,8.224442736356648,52.1,Alta (>600m),Lontano (>90km)
066064,Ortucchio,AQ,Abruzzo,13,41.94869391393344,13.62027016237048,675,38.9991,1,93.1,6.8,99.9,1718,214.54545454545453,67.44639376218323,21,47.10069848661234,27.473806752037255,1.8626309662398137,59.72060535506402,1766,209.85915492957747,-48,-2.72,4.7,17550.682926829268,62.57142857142857,8.240223463687151,55.779183438757904,86.17538146366287,6.77987560300755,123.47551804423749,580.3563620488941,null,5442903.01,5442903.009999999,9.313225746154785e-10,0.808108017104953,99.12118253139836,99.12118253139838,0.39731977507660193,44.1,Alta (>600m),Lontano (>90km)
066046,Gioia dei Marsi,AQ,Abruzzo,13,41.91595623284787,13.729806154590447,713,58.4037,1,102.1,7.1,109.2,1688,308.92857142857144,68.63136863136863,19,49.508293838862556,30.746445497630333,2.3696682464454977,59.30094786729858,1738,295.8333333333333,-50,-2.88,13.1,17914.96484375,61.03515625,7.817109144542774,50.917702782711665,89.35342337410856,5.042896665475269,93.05395734597155,51.04949644549763,null,11688869.379999999,12364390.46,-675521.0800000019,0.008243683277688471,0.08793262162867702,0.08335279758551677,0.0036638592345282096,28.9,Alta (>600m),Lontano (>90km)
066093,Scanno,AQ,Abruzzo,13,41.87657759184868,13.901176102933935,1010,134.6767,1,116.3,10.1,126.4,1681,370.96774193548384,76.76130389064143,5,51.8661511005354,34.20582986317668,1.8441403926234383,56.57346817370613,1717,378.2894736842105,-36,-2.1,-7.3,18155.696362286562,59.423274974253346,10.403726708074535,96.64113140836771,70.35710317741197,2.3519787162619368,244.37301606186793,null,null,7269442.39,4077264.969999999,3192177.420000001,0.09904112205152804,0.22783899377773043,0.16965788620485972,0.0763904618514028,12.5,Alta (>600m),Lontano (>90km)
066009,Barisciano,AQ,Abruzzo,13,42.3488519643169,13.58432583991391,949,78.4864,1,102.5,9.5,112,1657,222.64150943396226,70.29804727646454,-8,47.52383826191913,28.48521424260712,2.4140012070006036,58.72057936028968,1678,209.1346153846154,-21,-1.25,13.5,19977.179810725553,63.31967213114754,8.035714285714286,61.482820976491865,75.63883488312726,23.81879481878485,210.06540132770067,43.442589016294505,null,15855356.750000004,13859252.019999998,1996104.730000006,0.07044211111532289,1.4769152041241802,1.4672807449806051,0.06396649103521475,21.1,Alta (>600m),Lontano (>90km)
066033,Cerchio,AQ,Abruzzo,13,42.042441313195106,13.596637906590122,809,20.1648,1,92.3,8.1,100.4,1544,217.25888324873097,68.00870511425462,3,46.96178756476684,27.72020725388601,2.0077720207253886,59.520725388601036,1570,208.16326530612244,-26,-1.66,9.1,17525.300744878958,59.13513513513513,9.735973597359736,53.37620578778135,95.36782178162528,4.180908175322277,14.998704663212436,464.9035945595855,6.476683937823834,6771549.3500000015,6974004.299999999,-202454.9499999974,0.04279552500336972,19.82645909152177,19.82645909152177,0,76.6,Alta (>600m),Lontano (>90km)
066050,Lecce nei Marsi,AQ,Abruzzo,13,41.89423956191627,13.686063068817704,740,66.4693,1,98.5,7.4,105.9,1503,273.50993377483445,60.063897763578275,-18,47.96939454424484,27.478376580172988,1.9294743845642048,62.4750499001996,1569,201.1049723756906,-66,-4.21,72.4,17353.23135755258,55.90062111801242,9.395973154362416,46.875,73.78676461129096,25.239325924103202,24.193838988689286,202.50290751829672,null,7953852.46,8792433.1,-838580.6399999997,0.008247989552546567,0.04765505074804683,0.046738607464430544,0,22.6,Alta (>600m),Lontano (>90km)
066084,Roccaraso,AQ,Abruzzo,13,41.837284133927206,14.078119008003378,1250,49.91,1,131.2,12.5,143.7,1492,297.2027972027972,61.47186147186147,-23,49.14946380697051,28.48525469168901,1.5415549597855227,61.93029490616622,1548,249.04458598726114,-56,-3.62,48.2,17924.944350758855,61.272923408845735,10.832025117739404,195.0402144772118,96.82331368210826,3.1766863178917477,39.560422252010724,87.51973190348525,4.023941018766756,7405891.560000001,6251749.700000001,1154141.8600000003,0.10149846992576025,0.8891752185711812,0.7484752437938549,0.0917740656214958,29.9,Alta (>600m),Lontano (>90km)
066002,Aielli,AQ,Abruzzo,13,42.075135936996176,13.58194490291004,1018,37.5165,1,91.7,10.2,101.9,1370,250.9433962264151,68.7192118226601,7,48.42043795620438,29.124087591240876,1.313868613138686,59.270072992700726,1437,230.05780346820808,-67,-4.66,20.9,17271.22825070159,62.652068126520675,9.171075837742503,86.7709815078236,87.96777463934454,9.090795029029076,0,123.90968613138685,null,3148426.9399999995,2588470.0899999994,559956.8500000001,0.27086883025665326,19.81173608100524,19.804342638988302,0.24129506218892927,36.5,Alta (>600m),Lontano (>90km)
066054,Massa d'Albe,AQ,Abruzzo,13,42.12113776644321,13.422422765089776,870,68.5332,1,80.3,8.7,89,1340,401.96078431372547,61.83574879227053,2,50.46716417910448,30.597014925373134,1.2686567164179103,61.791044776119406,1385,300.8333333333333,-45,-3.25,101.1,22537.969367588932,61.59334126040428,8.480565371024735,54.896142433234424,93.67267430190027,6.327325698099727,0,null,null,1619284.4300000004,1450175.2700000003,169109.16000000015,0.10143390658859329,0.019280825219319387,0.01844252847065332,0.09975731309126115,19.6,Alta (>600m),Medio (70-90km)
066082,Rocca di Mezzo,AQ,Abruzzo,13,42.19675863342716,13.50908886437277,1281,90.5451,1,89.8,12.8,102.6,1332,482.7956989247312,68.60759493670886,1,53.0960960960961,33.708708708708706,1.1261261261261262,59.30930930930931,1387,380.35714285714283,-55,-3.97,102.4,25359.700704225354,63.503649635036496,7.936507936507936,143.59351988217966,89.86288322105744,9.332499224934205,19.188055555555557,27.967199699699698,354.73337837837835,13344730.379999999,8844720.759999998,4500009.620000001,0.2392867656335422,3.5291643887463726,3.4833256234492613,0.219941965599899,14.7,Alta (>600m),Lontano (>90km)
066062,Oricola,AQ,Abruzzo,13,42.06649275440346,13.043481080289313,813,18.3563,1,48.7,8.1,56.9,1282,162.56983240223462,57.881773399014776,-2,45.496879875195006,22.698907956318255,1.9500780031201248,63.338533541341654,1256,150,26,2.07,12.6,19411.1866359447,64.57286432160804,6.715063520871143,108.97435897435898,82.66377446045492,4.9307967951248814,145.73385335413417,187.02638845553824,null,2888644.3200000008,2627944.7100000004,260699.61000000034,10.431542999068611,79.94411673393355,79.75783918037875,3.135672151505744,69.8,Alta (>600m),Vicino (50-70km)
066057,Morino,AQ,Abruzzo,13,41.84272985445052,13.442674245226412,439,51.27,1,78.6,4.4,83,1278,374.10714285714283,71.08433734939759,19,50.64241001564945,32.785602503912365,1.486697965571205,58.45070422535211,1328,272.66187050359713,-50,-3.77,101.4,20606.776556776556,52.979274611398964,11.663066954643629,49.92319508448541,76.75867019368764,12.71015308452709,142.8690297339593,67.53939749608764,37.99250391236306,4797761.529999999,4863455.369999998,-65693.83999999892,0.0037000310802610746,0.16206136131543505,0.06512054701259491,0,24.9,Media (300-600m),Medio (70-90km)
066071,Pettorano sul Gizio,AQ,Abruzzo,13,41.967403127649256,13.946920109900447,633,62.8485,1,120.2,6.3,126.5,1259,309.7345132743363,58.165829145728644,4,48.934868943606034,27.79984114376489,1.4297061159650517,63.224781572676726,1343,275.4237288135593,-84,-6.25,34.3,20328.016113744077,62.4113475177305,7.853403141361256,43.57798165137615,89.22309417294707,3.6889778406160376,113.93337569499603,239.22463065925336,null,2058991.87,3274033.23,-1215041.3599999999,0.08351901675619536,1.3788342471115056,1.3520218690384835,0.07889619295050189,20,Alta (>600m),Lontano (>90km)
066065,Ovindoli,AQ,Abruzzo,13,42.133493172823975,13.514311005302153,1369,61.3767,1,87.9,13.7,101.6,1168,342,60.88154269972452,0,50.27482876712329,29.28082191780822,1.1130136986301369,62.15753424657534,1171,312.5,-3,-0.26,29.5,19871.834186284545,64.9171270718232,8.737864077669903,146.4041095890411,89.1459856231588,6.145645520138727,513.5632363013699,46.327157534246574,210.43136986301369,3671607.090000002,4429210.029999998,-757602.9399999962,0.12024637894427043,1.0275599655237655,1.0044356618806367,0.1177237276377473,19,Alta (>600m),Lontano (>90km)
066005,Ateleta,AQ,Abruzzo,13,41.87301874198973,14.173412724281361,782,41.9252,1,138.9,7.8,146.7,1088,266.0377358490566,55.42857142857143,20,48.11305147058823,25.919117647058826,2.0220588235294117,64.33823529411765,1092,242.73504273504273,-4,-0.37,23.3,15867.013948497854,60.62322946175638,10.460251046025103,65.15837104072398,82.43943839627438,17.418702225265424,204.3855882352941,224.8381341911765,null,2632331.069999999,2733814.7600000002,-101483.69000000134,0.0031276193812317813,0.04191009970850587,0.03909524226539727,0,26,Alta (>600m),Lontano (>90km)
066070,Pescocostanzo,AQ,Abruzzo,13,41.91857681310449,14.056504455077475,1372,55.0623,1,129.1,13.7,142.8,1085,367.032967032967,64.39393939393939,10,51.16036866359447,30.783410138248847,1.1059907834101383,60.82949308755761,1106,304,-21,-1.9,63,23803.449359720606,66.51851851851852,7.231404958677685,125.92592592592592,99.08884705681956,0.9111529431804374,12.01436866359447,91.30354838709678,null,2209106.13,3208215.0300000003,-999108.9000000004,0.09129915898829313,2.039741620264051,1.4227711943363361,0.08911795041178101,19.7,Alta (>600m),Lontano (>90km)
066059,Ocre,AQ,Abruzzo,13,42.279486336190836,13.467026655471946,859,23.6037,1,90.4,8.6,99,1084,292.85714285714283,68.32298136645963,11,48.96678966789668,30.25830258302583,1.1992619926199262,59.40959409594095,1125,228.57142857142858,-41,-3.64,64.3,23533.062126642773,66.41221374045801,6.25,49.19499105545617,85.01852180374887,12.822803789457732,114.72596863468634,235.23120848708487,null,7948810.1499999985,6281315.550000001,1667494.5999999978,0.17454855966044655,0.3813279085147885,0.37546776502498924,0.17245565127123255,45.9,Alta (>600m),Lontano (>90km)
066013,Cagnano Amiterno,AQ,Abruzzo,13,42.451612988261594,13.19878864473353,852,61.3147,1,84.1,8.5,92.6,1082,492.04545454545456,92.8698752228164,3,54.495378927911275,40.0184842883549,1.6635859519408502,51.848428835489834,1190,413.46153846153845,-108,-9.08,78.6,18735.99185098952,65.64102564102564,6.112469437652812,53.42831700801425,80.23869081774242,19.761309182257573,516.8665341959335,51.18343807763401,null,6975606.630000004,5917470.130000002,1058136.5000000019,0.014666122532265468,0.47648956792327707,0.4544903841248788,0.008767790644289137,17.6,Alta (>600m),Lontano (>90km)
066039,Collelongo,AQ,Abruzzo,13,41.890525179111044,13.572407776544322,895,54.0193,1,89.1,9.0,98,1063,436.9047619047619,73.69281045751634,10,52.14769520225776,34.52492944496707,1.5992474129821261,57.572906867356544,1120,416.30434782608694,-57,-5.09,20.6,18261.056872037916,60.16129032258064,8.353808353808354,42.572463768115945,97.85339492507123,1.6892321496651108,83.80473189087488,242.7209971777987,null,5480165.280000002,5460741.359999999,19423.92000000272,27.51196172248804,71.41148325358851,69.73684210526314,20.33492822966507,19.7,Alta (>600m),Lontano (>90km)
066089,Sante Marie,AQ,Abruzzo,13,42.1185998962381,13.210461825666098,847,40.8131,1,63.7,8.5,72.2,1059,528,80.10204081632654,9,54.3890462700661,37.39376770538244,1.0387157695939566,55.524079320113316,1111,456.0975609756098,-52,-4.68,71.9,18431.08996088657,56.27062706270627,8.086253369272237,50.925925925925924,67.23843597384345,23.046169946658168,0.4193767705382436,57.82574126534466,11.322795089707272,3951382.8500000015,3951382.85,1.3969838619232178e-9,49.62593516209476,46.13466334164589,39.15211970074813,43.890274314214466,25.9,Alta (>600m),Medio (70-90km)
066066,Pacentro,AQ,Abruzzo,13,42.054976082262876,14.027248257149505,691,72.5874,1,127.7,6.9,134.6,1058,305.7142857142857,67.40506329113924,6,49.39981096408317,30.340264650283554,2.2684310018903595,59.73534971644613,1101,297.979797979798,-43,-3.91,7.7,16057.048809523809,54.328358208955216,10.123456790123457,69.38020351526364,48.1938491275795,50.94318618941407,89.37904536862004,193.23599243856336,132.15815689981096,9266962.819999998,8045012.630000002,1221950.1899999967,0.03976217250570028,0.7483365122361872,0.7088849817031878,0.03323869107898383,14.6,Alta (>600m),Lontano (>90km)
066029,Castellafiume,AQ,Abruzzo,13,41.97770967772275,13.324294596744943,863,24.1003,1,69,8.6,77.6,1051,170.49180327868854,45.769764216366156,25,45.455756422454805,19.790675547098,2.1883920076117986,68.60133206470029,1050,191.66666666666666,1,0.1,-21.2,15460.202177293935,50.48010973936899,14.418604651162791,43.10344827586207,93.9646221748384,5.698376567749819,36.10846812559467,115.1125404376784,2.5566888677450046,1353503.4300000002,1656619.32,-303115.8899999999,0.08451411994913925,0.5101302735668766,0,0.08299134301311872,43.6,Alta (>600m),Medio (70-90km)
066073,Poggio Picenze,AQ,Abruzzo,13,42.31704481060688,13.540350000556368,742,11.4578,1,97.7,7.4,105.1,1023,242.73504273504273,64.46945337620579,8,47.2394916911046,27.76148582600195,0.9775171065493646,60.80156402737048,1055,170.39473684210526,-32,-3.03,72.3,21561.80868385346,60.28938906752411,8.536585365853659,81.67330677290836,83.79934682396059,11.141654569822343,34.727057673509286,34.321524926686216,null,6227980.7299999995,8746491.03,-2518510.3,10.271361291769455,88.29333931374748,88.0017941242431,7.019511101143753,89.3,Alta (>600m),Lontano (>90km)
066012,Bugnara,AQ,Abruzzo,13,42.0164888315161,13.853178172635097,536,25.121,1,112.9,5.4,118.3,1020,288.8888888888889,70,-12,49.40588235294118,30.58823529411765,2.0588235294117645,58.82352941176471,1058,261.2068965517241,-38,-3.59,27.7,19151.180051813473,60.396039603960396,7.341772151898734,38.12316715542522,94.25265532363869,4.378778853379614,69.78639215686275,39.37943137254902,74.98385294117647,6892273.850000001,5576101.959999999,1316171.8900000015,4.556129638327853,94.83325504931894,93.09534992954438,4.415218412400187,40.6,Media (300-600m),Lontano (>90km)
066041,Corfinio,AQ,Abruzzo,13,42.13592202122925,13.858613120518783,347,17.9499,1,115.5,3.5,118.9,949,329.06976744186045,63.62068965517241,4,49.62170706006322,29.820864067439413,2.212855637513172,61.116965226554264,984,280.64516129032256,-35,-3.56,48.4,17166.161333333333,59.463986599664985,7.792207792207792,52.523171987641604,88.26815729476878,6.912074277881282,100.63767123287671,225.47518440463648,26.084794520547945,2589173.16,3056826.2699999996,-467653.1099999994,0.07000481283088213,0.018438767665276988,0.012500859434086095,0.04969091625049222,52.9,Media (300-600m),Lontano (>90km)
066034,Civita d'Antino,AQ,Abruzzo,13,41.886283913406466,13.47667701052697,899,28.3455,1,81.2,9.0,90.1,939,334.8837209302326,66.19469026548673,-10,49.08945686900959,30.670926517571885,1.4909478168264112,60.17039403620873,944,293.6170212765957,-5,-0.53,41.3,18773.536363636365,57.240204429301535,7.9452054794520555,46.560846560846564,81.17610955811199,16.633384848991373,17.61500532481363,57.69137380191693,null,6750682.700000001,6897711.57,-147028.86999999918,77.57009345794393,15.887850467289718,0,74.7663551401869,33.1,Alta (>600m),Lontano (>90km)
066017,Canistro,AQ,Abruzzo,13,41.93441351614067,13.397663309042251,566,15.9029,1,74.7,5.7,80.3,928,400,55.18394648829432,36,49.105603448275865,28.448275862068968,1.4008620689655173,64.4396551724138,936,368.4931506849315,-8,-0.85,31.5,17136.43032159265,54.7576301615799,12.857142857142856,50.605060506050606,86.70981168999464,7.521970568670576,162.71677801724138,null,0.7222737068965517,6322478.670000002,6322478.67,1.862645149230957e-9,0.0022974245870379306,0.015316163913586204,0.00995550654383103,0,58.4,Media (300-600m),Medio (70-90km)
066003,Alfedena,AQ,Abruzzo,13,41.71574985348699,14.009728986394089,906,39.9501,1,127.1,9.1,136.2,912,500,46.15384615384615,14,49.50109649122807,26.31578947368421,0.6578947368421052,68.42105263157895,917,350.8196721311475,-5,-0.55,149.2,17947.555407209613,61.426256077795784,9.54653937947494,76.35206786850478,92.86412423617094,7.135875763829044,65.04366228070175,null,3.025394736842105,2102551.91,2281165.7500000005,-178613.84000000032,0.07512941499839663,0.004122955701131522,0,0.07375509643135279,22.8,Alta (>600m),Lontano (>90km)
066080,Rocca di Botte,AQ,Abruzzo,13,42.0218132300048,13.114670043777636,761,31.1068,1,52.8,7.6,60.4,865,281.57894736842104,50.43478260869565,33,48.335260115606935,24.739884393063583,1.0404624277456647,66.47398843930635,848,221.7391304347826,17,2,59.8,21230.049342105263,57.885615251299825,7.988980716253444,36.90888119953864,88.30582845627205,11.310146735716478,39.413803468208094,120.4120578034682,null,1706069.6,1521057.5799999998,185012.02000000025,0.22340905671731606,1.5585978636979088,1.5585978636979088,0.22265683767112984,27.8,Alta (>600m),Vicino (50-70km)
066052,Lucoli,AQ,Abruzzo,13,42.251008209004084,13.372260054390448,957,103.442,1,82,9.6,91.6,833,373.84615384615387,58.666666666666664,20,50.321728691476594,29.17166866746699,1.680672268907563,63.02521008403361,873,344.92753623188406,-40,-4.58,28.9,22084.93415007657,60.64030131826742,9.03954802259887,76.09988109393579,84.8532933938994,11.385610533743677,292.26321728691477,22.593445378151262,null,20307388.950000003,15420395.279999997,4886993.6700000055,0.13759808777971727,0.23902753534305168,0.15646868267522135,0.12737651554465254,8.1,Alta (>600m),Lontano (>90km)
066106,Villavallelonga,AQ,Abruzzo,13,41.83932007706172,13.664145165726712,992,73.733,1,96.9,9.9,106.9,826,265.55555555555554,66.19718309859155,6,48.50726392251816,28.934624697336563,2.784503631961259,60.16949152542372,854,244.44444444444446,-28,-3.28,21.1,17447.527821939588,60,7.621951219512195,37.30445246690734,96.63235010093774,2.8675571031012037,584.8447578692494,45.020980629539956,null,4316429.669999999,4175710.66,140719.00999999885,0.06579789081205563,0.39158883629119223,0.25222524811287994,0.049348418109041725,11.2,Alta (>600m),Lontano (>90km)
066076,Prezza,AQ,Abruzzo,13,42.057647603401016,13.836619184027443,579,21.5962,1,112.1,5.8,117.9,823,450,70.74688796680498,-11,51.60510328068044,33.900364520048605,1.4580801944106925,58.566221142162824,920,346.42857142857144,-97,-10.54,103.6,15903.041907514451,58.14889336016097,8.544303797468354,35.59127439724455,81.44077092178644,9.745603373497703,797.9977764277036,28.438602673147024,null,4497405.7700000005,5398173.46,-900767.6899999995,0.025078684372217837,0.5717940036865666,0.5454613850957378,0.01880901327916337,38.1,Media (300-600m),Lontano (>90km)
066031,Castelvecchio Subequo,AQ,Abruzzo,13,42.109751749039894,13.721634644034962,515,19.2942,1,103.8,5.2,109,810,545.9016393442623,94.71153846153847,17,55.01358024691358,41.11111111111111,1.1111111111111112,51.358024691358025,850,494.2028985507246,-40,-4.71,51.7,17853.76377952756,58.5081585081585,7.037037037037037,87.52997601918466,91.85626545965486,6.821676387648863,10.820172839506172,88.58327160493826,null,9367128.65,6373187.26,2993941.3900000006,0.08016065531335718,0.9423052033450374,0.8325018057022616,0.07181058705154914,42,Media (300-600m),Lontano (>90km)
066019,Capestrano,AQ,Abruzzo,13,42.27249609200439,13.792878684754378,507,43.6574,1,114.6,5.1,119.7,810,445.07042253521126,91.48936170212765,14,54.337037037037035,39.01234567901234,1.8518518518518516,52.22222222222223,858,435.6164383561644,-48,-5.59,9.5,17706.626666666667,52.18390804597701,10.276679841897234,70.82833133253301,86.43953579636926,11.968644349171292,456.3506296296296,null,48.47787654320988,6950154.080000001,8736135.239999998,-1785981.1599999974,0.04852629141782406,1.5829720291918945,1.5796417935063576,0.04265873330521134,18.6,Media (300-600m),Lontano (>90km)
066108,Vittorito,AQ,Abruzzo,13,42.134799854137306,13.807191235717392,376,14.1944,1,111.3,3.8,115.1,808,272.0430107526882,74.89177489177489,3,49.914603960396036,31.31188118811881,1.8564356435643563,57.17821782178218,836,272.16494845360825,-28,-3.35,-0.1,18527.65426356589,60.887949260042284,7.096774193548387,63.35403726708075,85.25143605366088,10.821833313417633,0,30.391646039603962,null,4557336.38,3947436.019999999,609900.3600000008,0.06007418952356546,0.04243002197118959,0.04243002197118959,0.059654090296127955,56.9,Media (300-600m),Lontano (>90km)
066038,Collarmele,AQ,Abruzzo,13,42.061428709943435,13.64334421245584,841,23.9435,1,96.4,8.4,104.8,773,426.984126984127,75.28344671201815,-9,52.04657179818887,34.79948253557568,1.034928848641656,57.050452781371284,843,307.3170731707317,-70,-8.3,119.7,18521.679661016948,58.94039735099338,9.183673469387756,65.16290726817043,99.07508893704616,0.7145535933140371,172.79248382923674,47.994825355756795,null,7001490.659999999,7311342.5600000005,-309851.9000000013,0.032370350440573084,0.0012611824846976525,0,0,32.3,Alta (>600m),Lontano (>90km)
066015,Campo di Giove,AQ,Abruzzo,13,41.99830357311013,14.065572835075047,1076,28.904,1,130.2,10.8,141,746,560.4166666666666,73.89277389277389,5,53.666219839142094,36.05898123324397,1.3404825737265416,57.506702412868634,780,481.48148148148147,-34,-4.36,78.9,19525.72277227723,57.077625570776256,10.071942446043165,107.095046854083,75.39240456940534,24.36038519067755,335.1164075067024,28.041742627345844,null,2591856.5700000008,3077103.889999999,-485247.31999999844,0.08820962611004933,0.11886403518375441,0.04379201296243584,0.08226642435086162,25.8,Alta (>600m),Lontano (>90km)
066010,Barrea,AQ,Abruzzo,13,41.768062093169256,13.978126262533118,1033,87.1068,1,123.7,10.3,134,688,362.1212121212121,79.63446475195822,1,50.99418604651163,34.73837209302326,1.1627906976744187,55.66860465116279,720,323.6842105263158,-32,-4.44,38.4,14856.103130755064,54.91183879093199,13.492063492063492,89.10891089108911,80.95263785927523,19.047362140724776,0,84.7577761627907,9.886627906976743,1710528.8000000007,2003157.8899999997,-292629.0899999989,0.047679097394582405,0.006683985616062953,0,0.034756725203527364,7.9,Alta (>600m),Lontano (>90km)
066044,Fossa,AQ,Abruzzo,13,42.303084314226126,13.494092216275689,645,8.7053,1,93.6,6.5,100,669,237.5,57.04225352112676,11,47.493273542600896,25.56053811659193,1.7937219730941705,63.67713004484305,695,201.31578947368422,-26,-3.74,36.2,22818.23622047244,66.11374407582939,7.6158940397351,59.523809523809526,41.89357130073875,58.10642869926125,187.56708520179373,140.56639760837072,null,14363151.619999997,13734017.21,629134.4099999964,11.385793871866296,87.70891364902506,85.44568245125348,5.466573816155988,76.8,Alta (>600m),Lontano (>90km)
066078,Rivisondoli,AQ,Abruzzo,13,41.86297293105923,14.044001275622575,1322,32.0009,1,128.2,13.2,141.4,659,432.60869565217394,59.17874396135266,24,52.39605462822458,30.197268588770864,1.8209408194233687,62.82245827010622,673,338.5964912280702,-14,-2.08,94,24456.417699115045,61.36363636363637,10.33210332103321,142.4287856071964,100,null,4.813353566009105,null,null,2414827.84,2680129.0400000005,-265301.20000000065,0.06689364510371515,2.2350876666716664,2.1537953894380033,0.057894500022497866,20.6,Alta (>600m),Lontano (>90km)
066088,San Pio delle Camere,AQ,Abruzzo,13,42.29035032048651,13.649184675566502,783,17.2122,1,104.4,7.8,112.3,658,158.51063829787233,58.55421686746988,4,44.87234042553192,22.64437689969605,2.127659574468085,63.06990881458967,671,148.42105263157896,-13,-1.94,10.1,18071.71229698376,59.56416464891041,10.869565217391305,86.7579908675799,89.98215523046034,10.017844769539662,1213.0392249240122,1138.755866261398,null,17726661.179999996,9781951.249999998,7944709.929999998,0.04124252183009345,1.347571747766425,1.3385647602403128,0.0344477768542543,38.2,Alta (>600m),Lontano (>90km)
066008,Barete,AQ,Abruzzo,13,42.449496018814116,13.275151555052949,786,24.5883,1,88.4,7.9,96.3,638,301.5151515151515,71.0455764075067,7,49.41849529780564,31.19122257053292,2.664576802507837,58.46394984326019,623,317.741935483871,15,2.41,-16.2,21835.558886509636,61.94444444444444,7.851239669421488,73.28990228013029,63.7481659006142,35.4481231367745,1274.574420062696,101.5952037617555,540.2956739811913,3531714.55,5168082.3500000015,-1636367.8000000017,0.040366825517600416,0,0,0.04004645388650834,25.9,Alta (>600m),Lontano (>90km)
066067,Pereto,AQ,Abruzzo,13,42.0522569359788,13.128667998797258,798,41.1547,1,54.8,8.0,62.8,638,363.6363636363636,66.57963446475196,-2,50.17868338557994,31.347962382445143,1.8808777429467085,60.03134796238244,647,301.7543859649123,-9,-1.39,61.9,18339.979069767443,53.421052631578945,8.558558558558559,18.808777429467085,85.81301343716378,12.670582797439506,209.3373510971787,32.18271159874608,0.7830564263322883,1439643.42,1473408.4,-33764.97999999998,5.072463768115942,94.42028985507245,94.42028985507245,4.057971014492753,15.5,Alta (>600m),Vicino (50-70km)
066021,Capitignano,AQ,Abruzzo,13,42.523372927677414,13.304757047202358,906,30.6391,1,95.9,9.1,104.9,603,322.41379310344826,68.43575418994413,6,50.47097844112769,31.01160862354892,1.4925373134328357,59.369817578772796,629,268.57142857142856,-26,-4.13,53.8,18712.974770642202,57.37265415549599,9.70464135021097,44.87179487179487,54.10700034274102,45.44138583842258,1626.1366832504148,30.259983416252073,null,4635221.9399999995,5233279.800000001,-598057.8600000013,0.05508510330048924,0.8880482838443035,0.8878890783434349,0.05397066479440998,19.7,Alta (>600m),Lontano (>90km)
066107,Villetta Barrea,AQ,Abruzzo,13,41.79873583790261,13.934181585055066,993,20.5246,1,119.6,9.9,129.6,596,606.6666666666666,55.208333333333336,-2,51.11073825503356,30.536912751677853,0.6711409395973155,64.42953020134227,601,358,-5,-0.83,248.7,15266.362473347548,54.89690721649485,12.704918032786885,93.33333333333333,90.7548514873121,8.418703019452328,123.32901006711408,null,null,1331767.5899999996,1507440.1799999997,-175672.59000000008,0.026122583661011355,0.04307934849359767,0,0.02337283801248384,29,Alta (>600m),Lontano (>90km)
066023,Cappadocia,AQ,Abruzzo,13,42.00530267856943,13.250761724357137,1101,68.5707,1,63.4,11.0,74.4,576,517.5,75.07598784194529,15,54.28472222222222,35.9375,0.8680555555555556,57.11805555555556,555,504.8780487804878,21,3.78,12.6,20324.07125307125,56.15615615615616,8.333333333333332,65.97222222222223,94.96251551232278,4.9709098877887365,43.947916666666664,75.70288194444444,null,1890172.2699999996,1982433.5600000005,-92261.29000000097,0.24511488328408126,0.03512549729304591,0,0.24435128551684118,8.4,Alta (>600m),Medio (70-90km)
066079,Roccacasale,AQ,Abruzzo,13,42.129052896799855,13.890446774887266,428,17.3069,1,117.9,4.3,122.2,576,470.45454545454544,77.23076923076923,-8,52.24652777777778,35.9375,1.215277777777778,56.423611111111114,611,420.8333333333333,-35,-5.73,49.6,16850.30769230769,59.475218658892125,7.6923076923076925,51.926298157453935,86.35977667313155,8.144862013434455,0,142.14163194444444,null,3348110.8000000003,2291873.67,1056237.1300000004,0.033454436308381116,0.015632914162794914,0.015320255879539016,0.03282911974186932,33.3,Media (300-600m),Lontano (>90km)
066058,Navelli,AQ,Abruzzo,13,42.23739725498262,13.732114049084542,690,42.0036,1,108.6,6.9,115.5,567,270,64.34782608695652,26,48.92768959435626,28.57142857142857,1.9400352733686066,60.84656084656085,518,357.77777777777777,49,9.46,-87.8,15430.443914081146,56.083086053412465,9.569377990430622,77.63401109057301,49.34793758598139,45.06925099081434,185.8005291005291,1333.8743209876543,null,8395275.910000002,12775099.03,-4379823.119999997,0.07819490685132488,4.193907246330079,4.190279647558625,0.0713427758385799,13.5,Alta (>600m),Lontano (>90km)
066094,Scontrone,AQ,Abruzzo,13,41.763354727125304,14.054743261267795,1030,21.3541,1,130,10.3,140.3,537,391.6666666666667,78.40531561461793,6,50.849162011173185,35.00931098696462,1.1173184357541899,56.052141527001865,542,311.1111111111111,-5,-0.92,80.6,15275.407925407926,53.420195439739416,13.227513227513226,61.79775280898876,98.77158344110696,1.2284165588930467,0,null,null,1891842.9700000002,2966796.34,-1074953.3699999996,0.011460267253432351,0,0,0.007792981732333998,25.1,Alta (>600m),Lontano (>90km)
066081,Rocca di Cambio,AQ,Abruzzo,13,42.229388835098824,13.47384241473932,1390,27.6186,1,88.5,13.9,102.4,523,250,59.9388379204893,7,49.44550669216061,26.76864244741874,1.147227533460803,62.523900573613766,486,348.780487804878,37,7.61,-98.8,22650.820971867008,66.006600660066,6.5420560747663545,108.87096774193549,83.49811429959078,15.447862623569508,670.8167304015296,null,null,5934955.259999999,7049136.210000001,-1114180.950000002,0.07653812187224021,1.7187434290760755,1.717481811682577,0.07233273056057866,18.9,Alta (>600m),Lontano (>90km)
066047,Goriano Sicoli,AQ,Abruzzo,13,42.072195178307815,13.771602677833286,715,20.2377,1,107.1,7.2,114.2,512,428.20512820512823,67.3202614379085,8,50.701171875,32.6171875,2.1484375,59.765625,525,353.3333333333333,-13,-2.48,74.9,17833.67525773196,56.666666666666664,10.052910052910052,68.359375,70.06477537898488,23.59049846274857,196.31998046875,34.671816406249995,null,2688040.5799999996,3068654.9800000004,-380614.40000000084,0.04489008222856184,0.5407786541366001,0.4761704984057728,0.04279241483470381,25.3,Alta (>600m),Lontano (>90km)
066105,Villa Sant'Angelo,AQ,Abruzzo,13,42.26532360132599,13.53560043290647,586,5.2153,1,94.8,5.9,100.6,503,203.03030303030303,66.00660066006601,14,47.40755467196819,26.640159045725646,1.9880715705765408,60.238568588469185,474,216.1290322580645,29,6.12,-13.1,19591.585164835164,65.52901023890784,5.88235294117647,51.02040816326531,89.9275429906607,8.428333657801076,615.5798807157057,null,null,3742261.7600000007,4165317.9199999995,-423056.15999999875,0.06320008648432887,1.3201333854456854,1.318886015317705,0.060705346228368526,96.4,Media (300-600m),Lontano (>90km)
066103,Villalago,AQ,Abruzzo,13,41.93502171607799,13.821678909217226,933,33.1994,1,109.7,9.3,119,488,1716.6666666666667,80.74074074074075,7,58.329918032786885,42.21311475409836,0.4098360655737705,55.32786885245902,509,1023.8095238095239,-21,-4.13,692.9,16888.524361948956,56.36363636363636,11.931818181818182,111.11111111111111,92.3846459223835,4.052025455820612,525.2861270491803,null,null,3451693.75,3407375.2300000004,44318.51999999955,0.0672568801043168,0.12719328346258552,0.04117768169652048,0.03660238373024043,14.7,Alta (>600m),Lontano (>90km)
066016,Campotosto,AQ,Abruzzo,13,42.5490932318928,13.36140960038258,1391,51.7244,1,101.2,13.9,115.1,448,1250,72.97297297297297,-12,56.796875,39.0625,0.4464285714285714,57.8125,464,863.6363636363636,-16,-3.45,386.4,17826.74603174603,62.737642585551335,6.779661016949152,85.33916849015317,70.89672558729025,29.103274412709755,187.2749107142857,null,null,5778671.8,6774272.9399999995,-995601.1399999997,0.03380868450568819,0.021150456657586924,0.001121615125781125,0.03348822304117931,8.7,Alta (>600m),Lontano (>90km)
066060,Ofena,AQ,Abruzzo,13,42.33191933215528,13.75735875359802,577,36.8978,1,114.4,5.8,120.2,440,483.8709677419355,69.88416988416988,28,52.31590909090909,34.090909090909086,0.6818181818181818,58.86363636363636,454,515.1515151515151,-14,-3.08,-31.3,11761.615384615385,50.39682539682539,13.60544217687075,64.90384615384616,85.02612522354052,14.97387477645948,394.3280454545455,null,null,6167516.83,7120249.48,-952732.6500000004,0.02427334643776742,1.2285803582619015,1.2269938650306749,0.018403321482228896,11.9,Media (300-600m),Lontano (>90km)
066074,Prata d'Ansidonia,AQ,Abruzzo,13,42.27327424233891,13.620137322415141,821,19.6543,1,101.5,8.2,109.7,428,383.3333333333333,68.50393700787401,4,51.5303738317757,32.242990654205606,1.4018691588785046,59.345794392523366,441,325,-13,-2.95,58.3,18346.10055865922,63.46153846153846,5.172413793103448,86.7579908675799,91.12208942295958,5.07593831990309,0,null,null,9305002.24,8379938.659999998,925063.5800000019,0.06948091294687941,3.945061603716421,3.940214098161987,0.06705716016966268,21.8,Alta (>600m),Lontano (>90km)
066026,Castel del Monte,AQ,Abruzzo,13,42.39233760861755,13.73200510364814,1338,58.0313,1,115.5,13.4,128.9,383,295.23809523809524,76.49769585253456,-1,50.9686684073107,32.375979112271544,1.5665796344647518,56.6579634464752,450,297.77777777777777,-67,-14.89,-2.5,12939.328220858895,60.60606060606061,6.666666666666667,108.04597701149426,64.40083821085295,26.287802150756267,186.51913838120106,23.39720626631854,920.5453263707572,4313737.649999999,3228728.090000001,1085009.5599999987,0.015864901549472052,0.1923018369632976,0.15977077621033975,0.01490339236465556,6.6,Alta (>600m),Lontano (>90km)
066063,Ortona dei Marsi,AQ,Abruzzo,13,42.00132301467499,13.72894280008913,987,57.166,1,102.5,9.9,112.4,379,5025,117.816091954023,2,63.07651715039578,53.03430079155673,0.2638522427440633,45.91029023746702,437,2027.2727272727273,-58,-13.27,2997.7,18590.643059490085,57.377049180327866,7.079646017699115,39.21568627450981,89.48532048539514,7.346418648918427,542.4076781002639,null,null,2672320.56,1934136.94,738183.6200000001,0.03790144310292323,0.12093408435152384,0.1086654091274562,0.03636785869991478,6.6,Alta (>600m),Lontano (>90km)
066061,Opi,AQ,Abruzzo,13,41.77135379502428,13.854512281005176,1224,49.9041,1,113.5,12.2,125.7,371,508,69.40639269406392,5,51.38814016172507,34.23180592991914,1.6172506738544474,59.02964959568733,375,461.53846153846155,-4,-1.07,46.5,15983.580128205129,61.43497757847533,10.457516339869281,100.52910052910053,90.13373825107668,7.052400572417483,0,null,50.68765498652291,3512396.139999999,3708224.8000000007,-195828.66000000155,0.019714642018779344,0.2260306631455399,0.13112529342723003,0.006418720657276994,7.4,Alta (>600m),Lontano (>90km)
066090,Sant'Eusanio Forconese,AQ,Abruzzo,13,42.28367864920034,13.51584411747986,592,7.9441,1,94.2,5.9,100.1,362,253.19148936170214,84.6938775510204,5,48.51933701657459,32.87292817679558,3.314917127071823,54.14364640883977,362,247.82608695652175,0,0,5.4,20647.128113879004,74.87437185929649,3.870967741935484,57.69230769230769,94.08988875232643,5.910111247673557,0,27.215690607734807,null,6496448.6,8768672.1,-2272223.5,0.053001247824653513,0.704874862801888,0.6973628749212284,0.0509145845244703,45.6,Media (300-600m),Lontano (>90km)
066042,Fagnano Alto,AQ,Abruzzo,13,42.25013004129563,13.582878510287877,679,24.6438,1,97.6,6.8,104.4,336,314.2857142857143,75.91623036649214,7,51.25,32.73809523809524,1.1904761904761905,56.845238095238095,381,295.23809523809524,-45,-11.81,19,18420.130434782608,62.8140703517588,7.4074074074074066,60.773480662983424,82.60458034787759,17.107009661394322,147.9831845238095,null,null,12383546.249999998,12248022.93,135523.31999999844,0.06449975240417626,2.2995202050675996,2.2966073130235407,0.06366749753444495,13.6,Alta (>600m),Lontano (>90km)
066055,Molina Aterno,AQ,Abruzzo,13,42.150054302336244,13.748077877860796,482,12.2078,1,107,4.8,111.8,334,414.2857142857143,75.78947368421052,-4,52.85329341317365,34.73053892215569,1.4970059880239521,56.886227544910184,362,351.5151515151515,-28,-7.73,62.8,19932.042635658916,54,8.47457627118644,40.46242774566474,41.89897265138418,16.100062916509962,407.4984730538922,null,null,1824517.0200000007,1474389.07,350127.95000000065,0.026493965263467763,0.2741915135203331,0.1854577568442744,0.025652887001135462,27.4,Media (300-600m),Lontano (>90km)
066004,Anversa degli Abruzzi,AQ,Abruzzo,13,41.98808590621456,13.811377805708418,605,32.4329,1,109.2,6.1,115.2,300,620,56.25,6,51.516666666666666,31,1,64,318,536.8421052631579,-18,-5.66,83.2,17864.553359683796,60.416666666666664,9.375,83.06709265175719,96.19671724425761,3.03979768112588,163.15006666666667,72.84676666666667,null,2470021.4899999993,2574286.7199999993,-104265.22999999998,0.017846274933305265,0.1729715878151126,0.14093981229379543,0.01601588776065857,9.2,Alta (>600m),Lontano (>90km)
066097,Secinaro,AQ,Abruzzo,13,42.156617578068804,13.644355520110144,789,33.3409,1,98.9,7.9,106.8,299,637.5,65.19337016574586,10,53.247491638795985,34.11371237458194,1.6722408026755853,60.535117056856194,329,700,-30,-9.12,-62.5,9568.973094170404,54.891304347826086,11.403508771929824,60.12658227848101,81.87309023255254,17.37250416720534,924.5590635451504,null,null,1760585.6800000004,2197214.55,-436628.8699999994,0.03269233993327409,0.5360705483930458,0.4639797475145439,0.03185407480677989,9,Alta (>600m),Lontano (>90km)
066035,Civitella Alfedena,AQ,Abruzzo,13,41.77660588736016,13.91175407043295,1117,29.4906,1,118.1,11.2,129.3,290,435,58.46994535519126,2,50.42413793103448,30,1.3793103448275863,63.10344827586207,285,433.3333333333333,5,1.75,1.7,18261.14406779661,64.92146596858639,8.148148148148149,115.38461538461539,99.42714412224849,0.3238963480898368,96.65968965517241,null,784.514275862069,908417.4700000001,1075877.39,-167459.9199999998,0.013754401408450705,0.029342723004694836,0.0022924002347417837,0.013754401408450702,9.8,Alta (>600m),Lontano (>90km)
066027,Castel di Ieri,AQ,Abruzzo,13,42.09754177516469,13.745177328206713,545,18.8838,1,105.4,5.5,110.9,284,668.75,76.3975155279503,-4,54.5,37.67605633802817,0.35211267605633806,56.690140845070424,298,510.5263157894737,-14,-4.7,158.2,15223.898305084746,62.2093023255814,7.758620689655173,103.80622837370242,81.3056211227652,15.794691231725178,150.04352112676057,1.3810211267605632,null,6502807.78,3875237.399999999,2627570.3800000013,0.03926778120326507,0.8705750641234512,0.8112556499653274,0.03634358473068151,15,Media (300-600m),Lontano (>90km)
066043,Fontecchio,AQ,Abruzzo,13,42.224350894153076,13.607484691698144,683,16.8595,1,98.4,6.8,105.3,280,286.6666666666667,70.73170731707317,6,49.93214285714286,30.714285714285715,1.0714285714285714,58.57142857142858,293,257.14285714285717,-13,-4.44,29.5,16364.004901960785,57.05882352941176,9.345794392523365,89.04109589041096,93.53424835316176,4.075330942764187,1990.1530357142856,64.10060714285714,null,6277481.01,7630911.670000002,-1353430.660000002,0.04373606964128012,0.6938895664241558,0.6896841751124942,0.04289499137894781,16.6,Alta (>600m),Lontano (>90km)
066100,Tione degli Abruzzi,AQ,Abruzzo,13,42.19164503844408,13.642228305249395,574,39.6548,1,99.9,5.7,105.7,253,606.6666666666666,72.10884353741497,-1,54.85375494071146,35.96837944664031,1.185770750988142,58.10276679841897,275,637.5,-22,-8,-30.8,15414.386046511629,60.40268456375839,8.16326530612245,60.60606060606061,83.08719175015665,7.327953299203098,360.299209486166,350.3016996047431,null,5412037.26,5864023.450000001,-451986.19000000134,0.047100382690609364,0.6177719836830817,0.6123049749779217,0.046259304428277054,6.4,Media (300-600m),Lontano (>90km)
066001,Acciano,AQ,Abruzzo,13,42.193121055296345,13.706471037458689,602,32.2232,1,105,6.0,111,247,556.25,73.94366197183099,10,55.76113360323887,36.032388663967616,0.8097165991902834,57.48987854251012,300,538.0952380952381,-53,-17.67,18.2,16201.921810699589,65.3061224489796,4.9504950495049505,72.24334600760456,83.12403496814895,15.79355636854872,1106.7034817813765,null,null,4865125.739999999,6031405.739999998,-1166279.999999999,0.05242430978153741,0.8077537651139286,0.8027210313749009,0.052004915303285125,7.7,Alta (>600m),Lontano (>90km)
066018,Cansano,AQ,Abruzzo,13,41.984362084541274,14.026026433781343,843,37.6995,1,126.8,8.4,135.3,229,245.83333333333334,56.84931506849315,-9,48.39737991266376,25.76419213973799,0.43668122270742354,63.75545851528385,221,295.6521739130435,8,3.62,-49.8,15832.874345549739,54.6875,10.256410256410255,77.98165137614679,98.93848238360701,0.6894133845426145,648.5748908296943,null,8.600873362445414,1780426.24,1738353.9900000005,42072.249999999534,0.019046726929261706,0.2760214197617598,0.19608761494387458,0.01467534697828361,6.1,Alta (>600m),Lontano (>90km)
066045,Gagliano Aterno,AQ,Abruzzo,13,42.11690800371224,13.677085117871098,653,32.1491,1,100.4,6.5,106.9,229,343.4782608695652,80.31496062992126,-2,50.751091703056765,34.49781659388647,2.1834061135371177,55.45851528384279,244,356,-15,-6.15,-12.5,17683.948571428573,55.2,11.538461538461538,59.57446808510638,98.55940536981115,1.4405946301888561,370.4491266375546,null,513.9580349344978,3115443.0699999994,5156135.66,-2040692.5900000008,0.03799534870126888,0.8617846123013072,0.7987373853354653,0.037577817396859316,7.1,Alta (>600m),Lontano (>90km)
066011,Bisegna,AQ,Abruzzo,13,41.91489094058105,13.775025254567202,1215,46.5929,1,105.8,12.2,118,212,1880,87.61061946902655,7,60.10849056603774,44.339622641509436,0.4716981132075472,53.301886792452834,208,2400,4,1.92,-520,12227.396449704142,53.98230088495575,8.955223880597014,46.2962962962963,64.64784172604512,26.898694207552467,288.0734433962264,null,null,1622354.46,1348575.34,273779.1199999999,0.02842576291079812,0.1251650528169014,0.07885856807511737,0.02842576291079812,4.6,Alta (>600m),Lontano (>90km)
066022,Caporciano,AQ,Abruzzo,13,42.245041082702855,13.671544525261792,841,18.6151,1,104.2,8.4,112.6,204,1640,74.35897435897436,1,55.75,40.19607843137255,0.49019607843137253,57.35294117647059,202,663.6363636363636,2,0.99,976.4,20465.918032786885,62.39316239316239,6.41025641025641,79.20792079207921,58.840365021001325,41.019131612762834,3518.6207843137254,null,null,6245508.329999999,5632161.5200000005,613346.8099999987,0.03914394257789644,2.0540268815875136,2.040429512060455,0.03873190107707649,11,Alta (>600m),Lontano (>90km)
066037,Cocullo,AQ,Abruzzo,13,42.03398204798509,13.771381479651767,896,31.6044,1,106.4,9.0,115.4,204,700,121.73913043478261,4,58.122549019607845,48.03921568627451,0.9803921568627451,45.09803921568628,217,588.2352941176471,-13,-5.99,111.8,14894.44387755102,58.69565217391305,8.47457627118644,56.872037914691944,92.33384662879945,7.666153371200537,1642.3470098039215,null,null,4472734.970000001,2866441.9000000004,1606293.0700000003,0.008987581792474544,0.04954130451461579,0.029812466433574103,0.008987581792474546,6.5,Alta (>600m),Lontano (>90km)
066040,Collepietro,AQ,Abruzzo,13,42.21770853215517,13.78668956642326,843,15.2092,1,112.1,8.4,120.6,196,372.22222222222223,76.57657657657657,7,52.316326530612244,34.183673469387756,2.0408163265306123,56.63265306122449,217,400,-21,-9.68,-27.8,12310.466666666667,53.09734513274337,6.25,65.32663316582915,74.6031155333763,5.384619183964848,9.101887755102041,null,null,1858866.9599999997,1353021.4699999997,505845.49,1.249725937294453,98.4213988160491,98.35562376671783,1.249725937294453,12.9,Alta (>600m),Lontano (>90km)
066083,Rocca Pia,AQ,Abruzzo,13,41.905286136493345,13.987094743036838,1047,44.9609,1,123.4,10.5,133.8,169,322.22222222222223,81.72043010752688,-11,50.96449704142012,34.319526627218934,1.183431952662722,55.02958579881657,181,343.75,-12,-6.63,-21.5,13247.654970760233,65.65656565656566,7.142857142857142,114.94252873563218,96.01278636680463,3.917827837201362,0,null,null,2227631.6600000006,2572028.480000001,-344396.8200000003,0.019753147386257365,1.3713005287053355,1.3632758125796687,0.019444504458347098,3.8,Alta (>600m),Lontano (>90km)
066030,Castelvecchio Calvisio,AQ,Abruzzo,13,42.32790428610863,13.679248416204095,1037,15.3195,1,108.4,10.4,118.8,124,307.6923076923077,74.64788732394366,1,51.37903225806452,32.25806451612903,2.4193548387096775,57.25806451612904,128,460,-4,-3.13,-152.3,12502.714285714286,61.64383561643836,6.25,134.45378151260505,88.49383099801396,10.001106792599284,622.0133064516128,null,null,1363468.8199999998,2855669.8000000007,-1492200.980000001,0.006866541578506128,0.47890135334743905,0.47842229230707817,0.006866541578506128,8.1,Alta (>600m),Lontano (>90km)
066014,Calascio,AQ,Abruzzo,13,42.36382066231011,13.691521742658619,1229,39.4433,1,111.1,12.3,123.4,122,1100,64.86486486486487,1,53.21311475409836,36.0655737704918,0.819672131147541,60.65573770491803,128,650,-6,-4.69,450,12077.208695652174,67.08860759493672,7.017543859649122,144,100,null,6966.7279508196725,null,null,5450169.42,3794480.500000001,1655688.919999999,0.007674867048917684,0.5209316009452878,0.515974915976195,0.007195187858360328,3.1,Alta (>600m),Lontano (>90km)
066091,Santo Stefano di Sessanio,AQ,Abruzzo,13,42.37568437503282,13.646989559232503,1229,33.6988,1,108.5,12.3,120.8,105,571.4285714285714,81.03448275862068,-2,52.67619047619048,38.095238095238095,0.9523809523809524,55.23809523809524,116,390,-11,-9.48,181.4,15279.637362637362,64.51612903225806,2.4390243902439024,245.6140350877193,90.71132636722582,9.288673632774184,3464.3563809523807,null,null,1648185.28,4865221.839999999,-3217036.5599999987,0.007852325009334651,0.17211014408215133,0.1652193282576332,0.007852325009334651,3.1,Alta (>600m),Lontano (>90km)
066086,San Benedetto in Perillis,AQ,Abruzzo,13,42.17986245807162,13.774890166635124,842,19.0984,1,110,8.4,118.4,100,1733.3333333333333,122.22222222222223,4,63.95,52,1,45,97,2650,3,3.09,-916.7,14571.87951807229,63.63636363636363,6.666666666666667,70.70707070707071,77.74062494160447,22.25937505839554,9512.590600000001,null,null,3760097.8000000003,4979465.52,-1219367.7199999993,0.015865262173457417,0.7160243323020913,0.7135192909062821,0.015865262173457413,5.2,Alta (>600m),Lontano (>90km)
066104,Villa Santa Lucia degli Abruzzi,AQ,Abruzzo,13,42.33593676864926,13.786513825068749,879,26.9897,1,116.8,8.8,125.6,83,816.6666666666666,196.42857142857142,-4,64.66265060240964,59.036144578313255,1.2048192771084338,33.734939759036145,92,850,-9,-9.78,-33.3,11009.604938271605,58.620689655172406,5.555555555555555,66.66666666666667,64.26646793775348,33.89711189604322,0,null,null,9276767.570000002,6243656.960000001,3033110.6100000013,0.011984219180183534,0.4964662532377365,0.4950281469361145,0.01182442959111442,3.1,Alta (>600m),Lontano (>90km)
066024,Carapelle Calvisio,AQ,Abruzzo,13,42.31664632901512,13.687438132783187,895,14.7863,1,108.5,9.0,117.4,70,450,89.1891891891892,-1,52.97142857142857,38.57142857142858,1.4285714285714286,52.85714285714286,83,220,-13,-15.66,230,15165.172413793103,52.27272727272727,8,63.29113924050633,73.4966127145708,17.07291508719406,3811.3450000000003,null,null,762294.64,2717723.61,-1955428.9699999997,0.005918977200739712,0.16813094697236317,0.16637125104781894,0.005599032487186214,4.7,Alta (>600m),Lontano (>90km)
060038,Frosinone,FR,Lazio,12,41.63460325133928,13.331528123834373,245,46.8442,3,75.4,2.5,77.9,43015,225.38818310143174,60.031995237918075,105,46.93637103336046,25.983959084040453,1.8946878995699177,62.487504358944555,44491,201.7733806234833,-1476,-3.32,23.6,22189.138639023575,60.02503036772555,8.669840380845702,140.75943558563725,65.09653997272248,9.69874331867344,136.49465209810532,54.265587818202945,7.400689294432175,67315960.72999999,69347282.38000001,-2031321.6500000209,80.8604628829348,4.071833285316432,2.112743685777394,55.219437241909155,918.3,Bassa (<300m),Medio (70-90km)
060019,Cassino,FR,Lazio,12,41.478931312806615,13.835439340124276,46,83.4151,3,120.8,0.5,121.2,34903,203.31031197904264,57.45477511616367,58,45.83136120104289,24.459215540211442,1.9654470962381456,63.51029997421425,35418,177.66497461928935,-515,-1.45,25.6,20622.18804388952,59.371928884124,9.995259700683958,104.63136386855099,83.4958370941366,9.010387503440073,37.84729937254677,229.96682835286367,4.762213563304013,47055705.699999996,48160950.71,-1105245.0100000054,32.66998341625207,59.369817578772796,54.82587064676617,22.719734660033165,418.4,Bassa (<300m),Lontano (>90km)
060003,Alatri,FR,Lazio,12,41.72796667284795,13.360372609681487,488,96.9574,1,74.2,4.9,79.1,27518,186.8228404099561,55.267166958189925,26,45.381895486590594,23.184824478523147,1.9005741696344212,64.4051166509194,27768,156.10919692552346,-250,-0.9,30.7,19823.80625447338,59.40721649484536,8.814929480564155,67.573402417962,74.49822074755805,1.7093533775728542,14.944837197470747,91.87643288029652,15.548092521258814,35275824.44999999,35439397.55999999,-163573.1099999994,94.87396141388537,2.675679481763132,1.4786649767638362,93.52203914941558,283.8,Media (300-600m),Medio (70-90km)
060074,Sora,FR,Lazio,12,41.73264203745388,13.575904900004247,290,72.1788,1,91.4,2.9,94.3,24735,223.9416577730345,58.26348454795572,91,46.805619567414595,25.44976753588033,1.8394986860723672,63.18576915302203,25133,196.31441617742988,-398,-1.58,27.6,20357.046327090262,59.85633462589791,9.076863653920432,99.97192926173959,82.41520421979972,11.586865334080265,16.674386901152214,119.15437153830604,1.9744439053972105,27201523.849999998,30179586.73,-2978062.8800000027,49.89327641408751,48.77267876200641,23.55923159018143,43.81003201707577,342.7,Bassa (<300m),Lontano (>90km)
060024,Ceccano,FR,Lazio,12,41.56647543487408,13.331197740846685,195,61.0387,3,78.7,2.0,80.7,22102,199.3418647166362,58.83578871721164,-6,46.28938557596597,24.667450909419962,2.0088679757488013,62.958103339064344,22610,175.0253464008111,-508,-2.25,24.3,20442.521331233307,59.0493862403654,8.956866197183098,63.62620165437067,80.16477124931339,11.262928834527635,11.704947968509638,20.182026513437698,1.3344697312460412,18129657.83,16181417.850000001,1948239.9799999967,59.80655561526061,0.7254164427727029,0,41.05319720580333,362.1,Bassa (<300m),Medio (70-90km)
060006,Anagni,FR,Lazio,12,41.73368918651219,13.148420511868418,431,112.8136,3,57.2,4.3,61.5,20616,201.87624750499003,57.92860425923089,116,46.09676949941793,24.52949165696546,1.8092743500194024,63.319751649204505,20853,175.94526467410876,-237,-1.14,25.9,20400.243002895353,62.37184391736802,7.489786654561962,78.36431942972739,83.03646618131259,5.991589836186813,12.666489134652696,18.223292588280948,4.362747380675203,25959066.750000004,24545387.54,1413679.2100000046,30.73866714827524,68.12353259888026,65.77569080729637,3.7565468665342245,182.7,Media (300-600m),Vicino (50-70km)
060033,Ferentino,FR,Lazio,12,41.694648633317954,13.248389952688848,360,80.9996,3,66.5,3.6,70.1,19949,208.4672166739036,55.30556636823667,53,46.12667301619129,24.066369241565994,1.8396912125921099,64.38919244072385,20247,183.38028169014083,-298,-1.47,25.1,20849.8973517181,60.282102666872206,8.558400561206595,74.61201750895344,77.81575764845361,10.118444053238958,59.68332898892175,128.9649040052133,33.928696175246884,25381394.150000002,23047130.840000004,2334263.3099999987,43.41543513957307,51.6256157635468,50.804597701149426,21.64203612479474,246.3,Media (300-600m),Medio (70-90km)
060085,Veroli,FR,Lazio,12,41.71903077085178,13.449372778246813,587,119.6562,1,81.6,5.9,87.5,19511,200.5400914000831,58.92318970432516,26,46.07329198913433,24.739890318281997,2.065501511967608,62.923479063092614,19868,175.8554402153018,-357,-1.8,24.7,18863.96808676654,58.89768870211734,9.081836327345309,85.95259892177805,86.43913957118694,4.610037464795352,13.794842396596794,179.16654348828865,0.6443109015427195,26646602.790000007,25494038.959999993,1152563.830000013,41.478439425051334,52.772073921971256,1.8480492813141685,38.87748117727583,163.1,Media (300-600m),Medio (70-90km)
060056,Pontecorvo,FR,Lazio,12,41.44819278503817,13.64494061077955,97,88.8006,3,108,1.0,108.9,12119,208.33333333333334,59.35568704799474,10,45.96542619027973,25.167092994471492,1.7905767802623977,62.75270236818219,12470,183.86893509766855,-351,-2.81,24.5,19727.79556739736,58.85491216655823,10.911955879456372,63.84354291255859,88.8916503697517,6.202561408224275,43.89964683554749,132.38462166845449,4.94664328739995,13644229.51,15487194.42,-1842964.9100000001,0.8793431699190862,0.017848643503093765,0.00475963826749167,0.8376963350785341,136.5,Bassa (<300m),Lontano (>90km)
060044,Monte San Giovanni Campano,FR,Lazio,12,41.6526373627148,13.517777513936856,394,48.7143,3,89.1,3.9,93.1,11900,215.25189786059352,62.302236770321876,-40,46.5781512605042,26.210084033613445,1.9831932773109244,61.61344537815127,12228,182.22222222222223,-328,-2.68,33,18939.439628876462,57.52463220407612,10.046433094132546,65.7588840916639,51.970809648274766,40.05700499266608,0.800001680672269,340.63596218487396,0.16806722689075632,16519253.770000001,16563994.58,-44740.80999999866,41.99029126213592,50.48543689320388,0,4.975728155339806,244.3,Media (300-600m),Lontano (>90km)
060043,Isola del Liri,FR,Lazio,12,41.68726045239695,13.56854718763986,224,15.9877,3,92.1,2.2,94.3,10601,294.70198675496687,64.8934515476746,19,49.20667861522498,29.384020375436283,1.7734176021130081,60.64522214885388,10945,261.7770326906957,-344,-3.14,32.9,21633.410256410258,61.83500385505012,8.946412352406902,96.56133828996282,85.78079418909225,7.195323639076734,36.09442411093293,68.32695500424488,null,12992371.120000001,12454752.279999997,537618.8400000036,26.190476190476193,66.82539682539682,0.3174603174603175,21.11111111111111,663.1,Bassa (<300m),Lontano (>90km)
060035,Fiuggi,FR,Lazio,12,41.808819717539144,13.221616648101385,731,32.9774,1,61,7.3,68.3,10195,257.11442786069654,54.32939751740842,62,47.600882785679254,25.345757724374696,1.490926924963217,64.79646885728299,10119,211.864406779661,76,0.75,45.3,19203.550028105677,59.9023497101007,8.570097810898929,90.54923305294409,81.9670592673593,4.33678894476696,29.152438450220696,260.5087935262383,25.391886218734673,41685005.77,41752117.56,-67111.7899999991,84.44837162332745,15.24867457712699,14.844736177732898,79.24766473112852,309.2,Alta (>600m),Vicino (50-70km)
060014,Boville Ernica,FR,Lazio,12,41.640790769416206,13.467044867613197,496,28.1727,3,85.6,5.0,90.6,8266,194.07894736842104,60.91103757056648,-13,45.94737478828938,24.981853375272202,2.092910718606339,62.14614081780788,8425,175.54151624548737,-159,-1.89,18.5,18411.756726246473,57.0468509984639,9.393107654772797,69.77299880525688,82.33547407849798,7.9641903237995475,12.548286958625695,50.57398862811517,null,5559373.679999999,4712236.07,847137.6099999985,40,0,0,0,293.4,Media (300-600m),Lontano (>90km)
060025,Ceprano,FR,Lazio,12,41.54684381902218,13.498056573745092,111,38.0302,3,92.1,1.1,93.2,8018,266.8667466986795,61.58806932688432,1,48.07283611873285,27.72511848341232,1.5465203292591667,61.885757046645054,8408,218.78121878121877,-390,-4.64,48.1,20235.546940257853,58.31325301204819,9.334998438963472,76.5638441686125,87.61792186916875,1.8045708431188876,0,62.87664255425293,8.732172611623845,7596928.7299999995,7442899.109999997,154029.6200000029,75,8,4.999999999999999,13.999999999999998,210.8,Bassa (<300m),Lontano (>90km)
060046,Paliano,FR,Lazio,12,41.78511575265968,13.052010399108305,421,70.6363,3,47.8,4.2,52.1,7859,209.92282249173098,55.68541996830428,32,46.36124188828095,24.227000890698562,1.857742715358188,64.23209059676803,7975,169.58174904942965,-116,-1.45,40.3,20829.550305725403,60.22974846504259,8.071342200725514,65.91883035039072,82.93782993585667,7.465608280047528,36.89007761801756,293.998462908767,0.684590914874666,18708435.11,18709822.2,-1387.089999999851,14.205298013245033,74.3046357615894,68.60927152317879,1.0596026490066222,111.3,Media (300-600m),Vicino (50-70km)
060026,Cervaro,FR,Lazio,12,41.47665144811665,13.898395976923206,256,39.409,3,125.7,2.6,128.2,7789,203.8906414300736,58.99163094509083,-27,46.24894081396842,24.8940813968417,1.8359224547438695,62.89639234818334,7794,171.75141242937852,-5,-0.06,32.1,20637.32829750145,58.08432255423659,9.67536600891152,47.50288868917704,85.99643665537616,4.176545091442397,4.888898446527154,161.34797021440494,null,6800958.840000001,8537374.350000003,-1736415.5100000026,89.8989898989899,5.05050505050505,4.040404040404041,18.181818181818183,197.6,Bassa (<300m),Lontano (>90km)
060060,Roccasecca,FR,Lazio,12,41.534894693854014,13.639528143872962,254,43.3317,3,103.3,2.5,105.9,6729,258.55354659248957,62.105516742953505,-5,48.05275672462476,27.62669044434537,1.6347154109080102,61.68821518799227,7016,224.59222082810538,-287,-4.09,34,20793.405980066444,57.40210124164279,9.52201731275875,59.9562363238512,89.0293431689188,3.155416870151505,0,32.361159161836824,6.076454153663248,15886488.420000002,15975707.960000008,-89219.54000000656,36.677316293929714,51.373801916932905,51.373801916932905,31.884984025559106,155.3,Bassa (<300m),Lontano (>90km)
060010,Arpino,FR,Lazio,12,41.6464943748848,13.624661497114555,455,56.2121,3,97.8,4.6,102.4,6572,314.6875,67.73864216436958,6,49.674376141205116,30.64516129032258,1.202069385270846,59.61655508216677,6898,266.1290322580645,-326,-4.73,48.6,21129.82153909635,60.99899091826438,9.131905298759865,59.3866866118175,85.27786375688777,7.784097782342009,0.19690200852099818,45.007066342057215,4.987869750456482,7679252.460000001,9255242.709999999,-1575990.2499999981,54.71698113207547,18.867924528301888,18.86792452830189,9.433962264150946,116.9,Media (300-600m),Lontano (>90km)
060052,Piedimonte San Germano,FR,Lazio,12,41.48502898767158,13.74969154847719,111,17.3345,3,114,1.1,115.1,6301,141.58523344191096,54.58783120706575,47,43.43675607046501,20.69512775749881,2.0949055705443578,64.68814473893033,6336,114.9325626204239,-35,-0.55,26.7,20037.99681138092,60.0392734413353,8.833395452851287,61.443689780445425,83.29387845126912,11.720323443334236,0,63.403737501983805,null,7771290.7,8092477.520000002,-321186.82000000216,91.93006052454606,7.935440484196368,7.935440484196368,28.917283120376595,363.5,Bassa (<300m),Lontano (>90km)
060068,Sant'Elia Fiumerapido,FR,Lazio,12,41.55810556269274,13.864909740356284,125,41.103,3,119.9,1.3,121.1,5599,242.59259259259258,65.69991121633619,-1,47.639935702804074,28.076442221825324,1.5717092337917484,60.350062511162704,5733,212.8755364806867,-134,-2.34,29.7,19092.58829676071,57.957521093977306,10.27027027027027,56.063268892794376,78.16397999975798,12.432824953496931,75.41000357206644,103.58933202357562,null,13710019.469999999,12891709.24,818310.2299999986,22.5891677675033,65.91809775429326,65.52179656538969,21.664464993394976,136.2,Bassa (<300m),Lontano (>90km)
060008,Arce,FR,Lazio,12,41.565166574461635,13.557548809302073,261,39.5217,3,95.7,2.6,98.3,5388,260.9137055837563,65.52995391705069,27,48.006495916852266,28.619153674832965,1.7817371937639197,60.41202672605791,5403,246.11486486486487,-15,-0.28,14.8,20369.812922411464,58.2701062215478,10.2803738317757,64.56984273820537,73.6609608113039,21.329840877571787,9.978396436525612,97.67781365998515,null,16129487.14,15526405.41,603081.7300000004,43.18181818181818,9.090909090909092,9.090909090909092,0,136.3,Bassa (<300m),Lontano (>90km)
060058,Ripi,FR,Lazio,12,41.59680751933824,13.442663567810945,303,31.6133,3,85.6,3.0,88.6,5027,239.198606271777,63.214285714285715,17,47.14601153769644,27.31251243286254,1.651084145613686,61.2691466083151,5093,198.34586466165413,-66,-1.3,40.9,19176.145238768015,58.35748792270531,8.761329305135952,71.79896290386917,82.01809250219227,7.805683348681157,20.630139248060473,16.406112989854783,null,6158595.669999999,5989601.640000001,168994.0299999984,48.64864864864865,37.83783783783784,0,0,159,Media (300-600m),Medio (70-90km)
060007,Aquino,FR,Lazio,12,41.4780352581076,13.715552799653137,109,19.2368,3,111.7,1.1,112.8,4903,225.86206896551724,62.72817789578493,29,46.560065266163576,26.71833571282888,1.835610850499694,61.45217213950642,4992,208.4019769357496,-89,-1.78,17.5,20119.228509585653,57.612627425189075,10.566615620214396,53.31179321486268,68.52134777190086,22.32609850287177,10.83062410768917,282.21513971038144,3.546987558637569,17683396.84,17683396.84,0,38.3011583011583,61.08108108108108,42.08494208494209,32.972972972972975,254.9,Bassa (<300m),Lontano (>90km)
060079,Torrice,FR,Lazio,12,41.62746291489674,13.398288584767451,316,18.0598,3,80.8,3.2,84,4658,180.81967213114754,58.16638370118846,23,45.60927436668098,23.679690854443965,1.8462859596393302,63.22455989695148,4772,158.55457227138643,-114,-2.39,22.3,19249.00303398058,58.92735913102511,8.148148148148149,72.7195407186902,86.90551883198815,8.491259619005564,38.936032632030916,97.62829111206526,null,7256119.09,6134828.07,1121291.0199999996,99.3975903614458,0.6024096385542169,0.6024096385542168,99.39759036144578,257.9,Media (300-600m),Medio (70-90km)
060076,Supino,FR,Lazio,12,41.61016804929932,13.209243501551375,309,35.5901,1,67.5,3.1,70.6,4592,217.22846441947564,58.45410628019324,-7,46.541158536585364,25.261324041811843,2.112369337979094,63.109756097560975,4678,185.85858585858585,-86,-1.84,31.4,19073.917352754906,56.95681973954764,10.355987055016183,53.97788857576415,80.97123569258821,6.23859517814063,6.607131968641115,226.90553571428572,null,10652932.209999999,11489373.31,-836441.1000000015,59.76253298153035,0,0,0,129,Media (300-600m),Medio (70-90km)
060023,Castro dei Volsci,FR,Lazio,12,41.504391191047574,13.415219800575487,365,58.45,3,88.2,3.7,91.9,4353,278.68480725623584,62.24375698844577,17,48.7973811164714,28.23340225132093,1.6540317022742934,61.635653572249026,4483,263.31236897274636,-130,-2.9,15.4,20020.49655398753,59.230484646688865,9.802816901408452,57.48154775218072,85.62044695701871,4.154649581167476,0,38.49934987365036,9.88351252010108,7175294.089999999,7358106.250000002,-182812.16000000294,88,4,0,82,74.5,Media (300-600m),Lontano (>90km)
060053,Piglio,FR,Lazio,12,41.821373425551656,13.146267199349245,678,35.3811,1,54.6,6.8,61.4,4300,272.22222222222223,59.73254086181278,-13,48.44558139534884,27.348837209302324,1.7209302325581395,62.6046511627907,4386,227.40286298568506,-86,-1.96,44.8,20516.56923076923,59.99265246142542,9.328151027207108,51.287896056530656,85.78601573644882,6.89004431172372,17.700532558139532,174.01856976744187,5.752125581395349,6563311.73,6363204.15,200107.58000000007,50.652674686460195,49.347325313539805,41.20808804709496,50.52469925774251,121.5,Alta (>600m),Vicino (50-70km)
060011,Atina,FR,Lazio,12,41.621211610345625,13.790806485979749,486,29.8754,1,111.8,4.9,116.7,4096,244.82758620689654,64.1025641025641,24,47.824951171875,27.734375,1.9775390625,60.9375,4139,209.1617933723197,-43,-1.04,35.7,17324.31260915124,55.97633136094674,9.67536600891152,118.0019305019305,89.20651076213656,0.9740711490421716,65.24001708984375,314.19108642578124,null,6897865.109999998,7123034.329999999,-225169.2200000016,73.09941520467837,2.3391812865497075,1.169590643274854,60.81871345029239,137.1,Media (300-600m),Lontano (>90km)
060005,Amaseno,FR,Lazio,12,41.451199738955616,13.32867180548228,111,77.7258,3,85.4,1.1,86.5,4075,195.24752475247524,57.70123839009288,-19,45.81006134969325,24.196319018404907,2.208588957055215,63.41104294478528,4102,172.14022140221402,-27,-0.66,23.1,16564.78615440377,56.87861271676301,9.835064141722663,52.04280155642024,79.03045015727905,17.40757485573641,0,134.58474355828218,15.393734969325154,4271873.919999999,4373769.9,-101895.98000000138,18.51590106007067,81.41342756183747,79.7173144876325,16.67844522968198,52.4,Bassa (<300m),Medio (70-90km)
060055,Pofi,FR,Lazio,12,41.55362249188556,13.420404175514935,275,30.6809,3,85.9,2.8,88.7,3860,276.06635071090045,69.81962164540255,7,48.9119170984456,30.181347150259068,1.7357512953367875,58.88601036269429,3951,258.78220140515225,-91,-2.3,17.3,17323.874329501916,56.581786793267156,10.633946830265849,48.95461499235084,75.54008632462079,11.198160449703492,2.805852331606218,163.33470984455957,null,5129541.829999999,5522545.240000001,-393003.410000002,92.5,0,0,0,125.8,Bassa (<300m),Medio (70-90km)
060022,Castrocielo,FR,Lazio,12,41.51020230706595,13.689247581698146,224,27.9047,3,108.2,2.2,110.5,3733,196.00840336134453,60.628227194492254,11,46.09670506295205,24.993302973479775,2.062684168229306,62.25555853201179,3841,169.81132075471697,-108,-2.81,26.2,21347.1696,61.01839965768079,8.53110968569596,66.34945810203543,77.71153849757142,7.993686741013035,6.997945352263596,551.1897160460755,36.01488615054916,6956020.800000001,7527746.4399999995,-571725.6399999987,4.115655118520448,94.42563167491535,93.56603282104716,1.5108101067986457,133.8,Bassa (<300m),Lontano (>90km)
060031,Esperia,FR,Lazio,12,41.377710213709285,13.64802998230149,357,108.5646,3,112.1,3.6,115.7,3568,247.90697674418604,72.2007722007722,1,47.99439461883408,29.876681614349778,2.102017937219731,58.07174887892377,3649,231.69014084507043,-81,-2.22,16.2,17830.39155391554,58.16618911174785,10.572687224669604,41.690140845070424,77.67036890025012,11.014795305743023,12.98820067264574,103.40663116591928,null,7295257.66,6750331.42,544926.2400000002,0.09713045459451033,0.001199141414747041,0.001199141414747041,0.09473217176501625,32.9,Media (300-600m),Lontano (>90km)
060020,Castelliri,FR,Lazio,12,41.6876077584598,13.533659713173545,276,15.3207,3,89.3,2.8,92,3154,217.31266149870802,63.75908618899273,-45,47.10462904248573,26.66455294863665,1.6169942929613188,61.06531388712746,3256,198.79807692307693,-102,-3.13,18.5,19176.467099165893,60.14455343314403,10.108024691358025,62.51953735542357,89.82255814791577,5.800414808128988,47.43188966391883,146.04173113506658,0.0653138871274572,3502444.81,3155217.1400000006,347227.66999999946,34.639498432601876,65.36050156739812,0,34.01253918495298,205.9,Bassa (<300m),Lontano (>90km)
060045,Morolo,FR,Lazio,12,41.640876419583904,13.190619645261473,395,26.5609,1,64.5,4.0,68.5,3148,219.09814323607426,61.850899742930594,-18,47.2007623888183,26.238881829733163,1.9695044472681067,61.78526048284625,3172,189.1304347826087,-24,-0.76,30,20134.394589552237,59.55397871262037,8.773291925465838,56.89277899343545,79.67652162949655,4.816878921281539,18.164101016518423,72.87891041931385,33.02912960609911,8898422.34,8794400.080000002,104022.25999999791,10.141206675224646,0,0,3.979460847240052,118.5,Media (300-600m),Vicino (50-70km)
060048,Patrica,FR,Lazio,12,41.59184715834185,13.256971983461124,455,27.3618,1,72,4.6,76.5,3043,202.80112044817926,55.09683995922528,29,46.06802497535327,23.792310220177455,1.8402891883010186,64.47584620440355,3090,164.08977556109727,-47,-1.52,38.7,21133.05926271582,60.93046523261631,7.866868381240545,81.54645873944119,89.78990928220753,5.85154925652145,0,93.73430496220834,null,7729660.600000001,9113314.87,-1383654.2699999986,93.23467230443974,0,0,2.466525722339676,111.2,Media (300-600m),Medio (70-90km)
060064,San Giovanni Incarico,FR,Lazio,12,41.49632148003634,13.566986844663527,171,24.7104,3,99.7,1.7,101.4,3020,316.4429530201342,69.75829117481732,-7,49.91986754966887,31.225165562913908,1.6887417218543046,58.90728476821192,3146,280.3030303030303,-126,-4.01,36.1,19555.8675171737,56.91634773100055,10.720411663807889,43.16546762589928,53.0465447649606,36.46161221924487,0,41.28437748344371,null,2713332.26,2923666.1500000004,-210333.8900000006,95.48872180451127,0,0,80.45112781954887,122.2,Bassa (<300m),Lontano (>90km)
060063,San Giorgio a Liri,FR,Lazio,12,41.40239119738771,13.766270257633128,38,15.7054,3,119.3,0.4,119.7,2944,194.9602122015915,60.698689956331876,0,46.22927989130435,24.966032608695652,1.6983695652173911,62.22826086956522,3005,171.9512195121951,-61,-2.03,23,18948.735512630014,59.989142236699244,10.308441558441558,108.89774236387782,81.54101346775987,8.645785863978022,3.5890285326086957,58.360930706521735,null,6102976.240000001,5122147.949999998,980828.2900000028,93.46153846153847,5,0,91.15384615384615,187.5,Bassa (<300m),Lontano (>90km)
060071,Serrone,FR,Lazio,12,41.838937293889124,13.092884023808098,649,15.3937,1,49.9,6.5,56.4,2925,243.61370716510905,60.537870472008784,39,47.70324786324786,26.735042735042736,1.3333333333333335,62.29059829059829,2982,189.2030848329049,-57,-1.91,54.4,20030.578629032258,58.93824485373781,8.340353833192923,58.09682804674458,92.01895183600288,1.136073622209927,36.4882358974359,34.316625641025645,null,7290774.15,7421939.09,-131164.93999999948,1.452513966480447,98.54748603351955,39.255121042830545,1.378026070763501,190,Alta (>600m),Vicino (50-70km)
060015,Broccostella,FR,Lazio,12,41.70457122278811,13.650031143800387,309,11.7935,3,98.1,3.1,101.2,2632,225.96491228070175,54.55079271873165,1,46.733282674772035,24.46808510638298,2.013677811550152,64.70364741641338,2688,193.06930693069307,-56,-2.08,32.9,19222.37459978655,59.10138248847926,8.637577916295637,83.39538346984364,80.51024399997324,6.132960610153139,62.08949468085106,139.61925531914895,null,3825820.85,3114575.1,711245.75,92.40506329113924,2.5316455696202533,0,22.784810126582276,223.2,Media (300-600m),Lontano (>90km)
060036,Fontana Liri,FR,Lazio,12,41.61960299085906,13.568381830346379,146,16.1086,3,94.3,1.5,95.8,2630,256.6225165562914,69.34964584674823,-19,48.759695817490496,29.467680608365022,1.8631178707224332,59.049429657794676,2757,235.8662613981763,-127,-4.61,20.8,21807.42935079105,58.58585858585859,10.511089681774349,60.415122312824316,79.69842772603975,10.47554572389017,7.604562737642586,22.70561216730038,5.7034220532319395,2968785.44,2741594.18,227191.25999999978,59.38566552901023,39.59044368600683,37.20136518771331,2.901023890784983,163.3,Bassa (<300m),Lontano (>90km)
060051,Pico,FR,Lazio,12,41.448077003913816,13.556560441800684,197,32.9312,3,101.5,2.0,103.5,2588,275.98566308243727,68.16114359974009,-9,49.057959814528594,29.75270479134467,1.5069551777434311,59.46676970633694,2683,251.82724252491695,-95,-3.54,24.2,19820.437293729374,60,9.021113243761997,50,75.53615113588533,9.241316009654497,89.68524729520865,37.5386398763524,0.44547913446676973,6445453.76,7037292.590000002,-591838.8300000019,0.06847998462203854,0,0,0.06607717814407228,78.6,Bassa (<300m),Lontano (>90km)
060004,Alvito,FR,Lazio,12,41.709625428036055,13.750347632310579,500,51.7134,1,106.1,5.0,111.1,2469,353.9906103286385,64.38082556591212,-5,49.98703928716079,30.538679627379505,1.7820980153908466,60.8343458890239,2526,318.8034188034188,-57,-2.26,35.2,18932.505,60.90078328981723,8.619000979431929,65.03412284223204,80.33718704970875,10.04693873389869,0,95.25795463750507,null,4184398.96,4163697.839999999,20701.120000001043,0.00686725145127914,0.12773087699379201,0.1258996099401176,0.004120350870767484,47.7,Media (300-600m),Lontano (>90km)
060089,Villa Santa Lucia,FR,Lazio,12,41.49183396686756,13.775105189819037,315,17.7672,3,115.6,3.2,118.7,2455,216.95501730103805,59.51916829109812,-1,46.35397148676171,25.539714867617107,1.7922606924643585,62.68839103869654,2547,185.3125,-92,-3.61,31.6,18297.064,57.76196636481242,11.055776892430279,51.53815421494207,87.83012936582169,4.468630285107942,12.011319755600814,46.218248472505095,null,4018622.6300000004,5333129.109999999,-1314506.479999999,78.88198757763976,20.80745341614907,20.49689440993789,31.987577639751557,138.2,Media (300-600m),Lontano (>90km)
060018,Casalvieri,FR,Lazio,12,41.645062337611385,13.71526085180318,372,27.2708,3,105.1,3.7,108.8,2424,275.30364372469637,61.92384769539078,-13,48.57920792079208,28.052805280528055,1.7739273927392738,61.757425742574256,2383,244.82758620689654,41,1.72,30.5,16638.033836858005,52.92164674634794,2.3284313725490198,71.34020618556701,85.71331719750353,5.6733506736581685,0,22.42371287128713,264.29034240924096,4210130.960000001,4478516.03,-268385.06999999937,40.15544041450777,58.2901554404145,54.663212435233156,34.9740932642487,88.9,Media (300-600m),Lontano (>90km)
060012,Ausonia,FR,Lazio,12,41.34881101253676,13.738698406593226,172,19.6376,3,120.2,1.7,122,2418,202.35690235690237,59.078947368421055,10,46.394127377998345,24.85525227460711,1.902398676592225,62.861869313482224,2441,185.5704697986577,-23,-0.94,16.8,16850.08375,53.43361674296926,12.244897959183673,77.9381443298969,52.18729784335484,30.425489822305217,2.729528535980149,50.98051282051282,null,7787762.499999999,8203431.180000002,-415668.6800000025,0.0936846909606284,0.003603257344639554,0.003603257344639554,0.08287491892670976,123.1,Bassa (<300m),Lontano (>90km)
060054,Pignataro Interamna,FR,Lazio,12,41.43320792032673,13.770486091057387,72,24.4095,3,118,0.7,118.7,2387,188.4848484848485,66.34146341463415,-4,45.83745286971094,26.05781315458735,2.178466694595727,60.117302052785924,2403,170.44776119402985,-16,-0.67,18,17673.68859649123,59.21864290610007,9.623430962343097,63.4528224145035,79.22649710673515,6.253070564657865,0,10.434964390448261,null,7340585.259999995,7709252.509999999,-368667.2500000037,40.229885057471265,56.32183908045977,56.32183908045977,0,97.8,Bassa (<300m),Lontano (>90km)
060082,Vallecorsa,FR,Lazio,12,41.43280958501353,13.402449254809971,387,39.2762,3,91.6,3.9,95.5,2359,345.9915611814346,81.18279569892474,1,51.027130139889785,34.7604917337855,1.7380245866892752,55.19287833827893,2454,292.3076923076923,-95,-3.87,53.7,18716.613992762363,59.473684210526315,10.113636363636363,59.67675093244923,85.67383840932239,3.6812415616786622,56.235595591352265,4.943730394234845,90.38631199660873,3319129.5199999996,3515621.8000000003,-196492.28000000073,11.333794056668971,17.138908085694542,17.138908085694542,11.126468555632345,60.1,Media (300-600m),Lontano (>90km)
060073,Sgurgola,FR,Lazio,12,41.674527024601424,13.149592960423014,367,19.2311,1,59.8,3.7,63.5,2354,226.3779527559055,54.36065573770492,40,47.24723874256585,24.426508071367884,1.274426508071368,64.78334749362786,2411,215.10791366906474,-57,-2.36,11.3,17556.553341902312,58.12417437252312,6.08324439701174,36.600757257046695,63.78628240260864,26.14024486696055,0,24.190628717077313,null,3765031.43,3753267.0000000005,11764.429999999702,17.22222222222222,25,23.88888888888889,0.5555555555555556,122.4,Media (300-600m),Vicino (50-70km)
060070,San Vittore del Lazio,FR,Lazio,12,41.46598827626961,13.942213557061319,173,27.5043,3,129.5,1.7,131.2,2316,233.60995850622407,53.17460317460318,37,46.707685664939554,24.30915371329879,1.8566493955094994,65.28497409326425,2505,169.30379746835442,-189,-7.54,64.3,19667.972611464967,56.14834092387768,11.213991769547325,67.35537190082644,89.39472754632854,4.118035124122703,133.1986226252159,221.66205094991363,67.55513816925735,7084948.2,5258680.659999999,1826267.540000001,15.887850467289718,74.76635514018692,74.76635514018692,0,84.2,Bassa (<300m),Lontano (>90km)
060041,Giuliano di Roma,FR,Lazio,12,41.55044099765386,13.253921939519874,343,33.512,3,74.1,3.4,77.5,2305,214.6853146853147,64.05693950177935,11,47.070715835140994,26.637744034707154,1.6919739696312366,60.95444685466378,2358,193.85113268608416,-53,-2.25,20.8,19569.67552182163,59.9568655643422,8.852459016393443,38.77638948728996,74.68131604633923,3.3995424615748475,0,80.46408242950108,null,4385872.430000001,4385872.430000002,-9.313225746154785e-10,63.04347826086957,28.26086956521739,28.26086956521739,0,68.8,Media (300-600m),Medio (70-90km)
060075,Strangolagalli,FR,Lazio,12,41.5941610667751,13.495940198510896,236,10.5678,3,89.7,2.4,92.1,2265,204.76190476190476,58.060013956734124,5,46.119646799117,24.67991169977925,2.5165562913907285,63.26710816777042,2316,197.85714285714286,-51,-2.2,6.9,16485.369451697126,54.47605829285218,12.094064949608063,66.37744034707158,79.93725585491438,0.1852141014312295,91.79104194260485,95.57824282560706,null,2093308.6,2721578.599999999,-628269.9999999991,80,0,0,0,214.3,Bassa (<300m),Lontano (>90km)
060009,Arnara,FR,Lazio,12,41.585207449078545,13.381199681556978,246,12.2884,3,81.5,2.5,83.9,2149,264.3776824034335,65.3076923076923,2,48.624476500698,28.664495114006517,1.8613308515588647,60.4932526756631,2222,224.53531598513013,-73,-3.29,39.8,17790.603810775297,57.93413173652695,9.684947491248542,41.83719872669395,78.19507720072843,6.344139460189316,22.826342484876687,425.3740856212192,0.016286644951140065,2956820.1999999997,2518172.39,438647.8099999996,100,0,0,0,174.9,Bassa (<300m),Medio (70-90km)
060087,Vico nel Lazio,FR,Lazio,12,41.79776462526567,13.372922856416773,712,45.842,1,73.5,7.1,80.7,2046,200,59.345794392523366,12,46.136852394916914,24.82893450635386,2.0527859237536656,62.75659824046921,2110,173.26007326007326,-64,-3.03,26.7,18040.155737704918,57.870722433460074,9.08004778972521,57.17054263565891,85.04213555206826,13.682611834503874,2.686857282502444,27.876798631476053,null,2289975.22,2465659.3000000007,-175684.08000000054,0.06743088334457181,2.2027421892560124,0,0,44.6,Alta (>600m),Medio (70-90km)
060039,Fumone,FR,Lazio,12,41.731484367729074,13.275503082364406,768,14.8358,1,67.3,7.7,75,1942,299.45054945054943,59.83539094650206,11,48.772914521112256,28.06385169927909,1.2873326467559219,62.564366632337794,2002,248.32535885167465,-60,-3,51.1,17155.02583586626,57.642276422764226,7.320261437908497,44.71544715447155,82.11888939393113,12.562901022473682,48.27824922760041,166.03640061791967,null,2089377.0700000003,2362439.040000001,-273061.97000000067,88.60759493670885,8.860759493670885,3.79746835443038,86.0759493670886,130.9,Alta (>600m),Medio (70-90km)
060062,San Donato Val di Comino,FR,Lazio,12,41.715498641924455,13.809949541137533,670,37.6342,1,110.8,6.7,117.5,1859,290.5759162303665,67.02605570530099,19,49.54222700376547,29.854760623991396,2.0441097364174285,59.870898332436795,1886,272.680412371134,-27,-1.43,17.9,18497.86736214605,57.562277580071175,8.096590909090908,58.88594164456234,79.69341663877857,12.973233203862927,98.49063474986552,64.7671705217859,28.11757934373319,5254223.46,4735704.220000001,518519.2399999993,0.05623628383321141,0.26975128017556693,0.08641185076810533,0.05440746159473299,49.4,Alta (>600m),Lontano (>90km)
060002,Acuto,FR,Lazio,12,41.792395036193845,13.175070119097677,713,13.4662,1,57.5,7.1,64.7,1817,244,60.93888396811337,-16,48.157952669235,26.85745734727573,1.2658227848101267,62.13538800220143,1883,192.9203539823009,-66,-3.51,51.1,18321.9429280397,55.85197934595525,9.86111111111111,56.67574931880109,88.40780650467305,10.50008600125189,6.169829389102917,192.7099119427628,null,5330320.36,4913717.190000001,416603.169999999,71.55172413793103,1.7241379310344827,1.7241379310344827,69.82758620689656,134.9,Alta (>600m),Vicino (50-70km)
060067,Sant'Apollinare,FR,Lazio,12,41.401604799949716,13.827499178136321,55,18.0186,3,123.8,0.6,124.4,1806,221.2962962962963,62.410071942446045,-32,46.755260243632335,26.46733111849391,1.6611295681063125,61.57253599114064,1834,195.92760180995475,-28,-1.53,25.4,19994.41401792991,56.80421422300264,11.612021857923498,52.747252747252745,77.4022467299334,18.636601413788387,82.54333887043188,262.65842746400887,null,2824488.2800000007,3247998.09,-423509.8099999991,97.34513274336283,0,0,97.34513274336283,100.2,Bassa (<300m),Lontano (>90km)
060027,Colfelice,FR,Lazio,12,41.54237713782187,13.599466710312944,143,14.5176,3,99.9,1.4,101.4,1774,233.96226415094338,66.41651031894935,-4,47.746899661781285,27.959413754227736,2.367531003382187,60.09019165727171,1822,224.53703703703704,-48,-2.63,9.4,20679.853122251538,55.08317929759704,12.094395280235988,51.09489051094891,58.63645282970681,6.003867394869278,46.794295377677564,29.967874859075533,2.962795941375423,1735389.23,1606807.77,128581.45999999996,84.61538461538461,7.6923076923076925,0,0,122.2,Bassa (<300m),Lontano (>90km)
060080,Trevi nel Lazio,FR,Lazio,12,41.8652429135723,13.250557557807133,801,54.3217,1,62.6,8.0,70.6,1701,406.9230769230769,63.243761996161226,25,50.69194591416814,31.099353321575546,2.05761316872428,61.2580834803057,1741,410.92436974789916,-40,-2.3,-4,18679.733276157804,56.574074074074076,9.748892171344165,56.0369728480647,86.33165632564503,3.88037317215165,226.82014109347443,30.365949441504995,27.17517342739565,6304477.49,6304465.210000002,12.279999998398125,1.6257034656527707,0.4111407836569652,0.08524570376740748,1.6219315318577527,31.3,Alta (>600m),Medio (70-90km)
060081,Trivigliano,FR,Lazio,12,41.76415798590616,13.270073340254717,768,12.6404,1,65.9,7.7,73.6,1611,216.48936170212767,58.56299212598425,-6,46.621973929236496,25.26381129733085,1.9863438857852265,63.066418373680946,1619,177.3148148148148,-8,-0.49,39.2,18321.29990800368,58.88671875,9.5952023988006,59.33250927070458,77.0267677177495,5.911397165443462,0,269.86591558038486,null,1768336.16,2361568.7700000005,-593232.6100000006,80,0,0,80,127.4,Alta (>600m),Medio (70-90km)
060016,Campoli Appennino,FR,Lazio,12,41.7494661610741,13.705187635938909,663,32.4272,1,101.6,6.6,108.2,1598,256.7415730337079,65.93977154724818,11,48.234042553191486,28.5982478097622,2.065081351689612,60.26282853566959,1596,241.53005464480876,2,0.13,15.2,18434.872103799815,56.476683937823836,10.361842105263158,43.343653250774,90.62208035963954,6.165602776094851,146.22835419274094,309.3289299123905,null,4954531.109999999,4686850.359999999,267680.75,0.00045826573913681064,0.025662881391661396,0.0215384897394301,0,49.3,Alta (>600m),Lontano (>90km)
060090,Villa Santo Stefano,FR,Lazio,12,41.50972764768139,13.313179456974176,222,20.0988,3,80.7,2.2,82.9,1576,241.1764705882353,58.23293172690763,-2,46.69479695431472,26.015228426395936,1.903553299492386,63.1979695431472,1649,210.05291005291005,-73,-4.43,31.1,17344.886491557223,53.99610136452242,7.973421926910299,40.84158415841584,95.76523701508356,4.23476298491644,0,null,null,3504368.360000001,3745229.93,-240861.56999999937,94.33962264150944,0,0,94.33962264150944,78.4,Bassa (<300m),Medio (70-90km)
060030,Coreno Ausonio,FR,Lazio,12,41.334658263858366,13.783870609277866,315,26.3838,3,124.3,3.2,127.4,1490,255.35714285714286,66.85330347144456,-12,47.84563758389262,28.79194630872483,1.6778523489932886,59.93288590604027,1531,202.95566502463055,-41,-2.68,52.4,17743.00697906281,55.947136563876654,11.188811188811188,78.3801436969301,52.55677459208835,34.26096484805718,13.207234899328858,231.74928187919463,null,4299552.949999999,4517646.119999999,-218093.16999999993,14.587525150905433,0,0,13.682092555331993,56.5,Media (300-600m),Lontano (>90km)
060042,Guarcino,FR,Lazio,12,41.8135867512354,13.309022294826615,641,40.3729,1,68,6.4,74.4,1489,327.81954887218046,61.84782608695652,13,49.239758226997985,29.28139691067831,1.2760241773002015,61.78643384822028,1520,243.45238095238096,-31,-2.04,84.4,18716.45990338164,60.34669555796316,8.538587848932677,49.333333333333336,64.16189570481355,21.23012067593789,15.692236400268637,4.432505036937542,null,5525086.98,5525086.98,0,0.17347654375668992,0.2413907651422877,0.22662680397150556,0.17347654375668992,36.9,Alta (>600m),Medio (70-90km)
060049,Pescosolido,FR,Lazio,12,41.77023464819252,13.659557110383824,635,44.8889,1,97.5,6.4,103.8,1387,262.5850340136054,62.412177985948475,3,48.396539293439076,27.82984859408796,1.9466474405191059,61.57173756308579,1445,234.59119496855345,-58,-4.01,28,16597.576448243115,58.6405529953917,8.94454382826476,46.121593291404615,88.01629838013825,8.918292065954008,7.209805335255948,null,null,4242767.06,4090985.71,151781.34999999963,0.001824742597247376,0.47853874612812425,0.4507114215201018,0,30.9,Alta (>600m),Lontano (>90km)
060084,Vallerotonda,FR,Lazio,12,41.5715219492684,13.943053432429876,597,59.6558,1,125.6,6.0,131.5,1381,468.57142857142856,76.14795918367346,-5,52.634322954380885,35.62635771180304,1.1585807385952207,56.77045619116582,1405,445.7142857142857,-24,-1.71,22.9,15972.90663900415,50.683229813664596,11.879049676025918,31.40613847251963,34.62390986598102,41.140233104936335,0,40.170166545981175,null,9224058.66,9224058.66,0,0.09239734517727025,0.13722377996624294,0.05488951198649718,0.09148251997749529,23.1,Media (300-600m),Lontano (>90km)
060078,Torre Cajetani,FR,Lazio,12,41.78956038429169,13.26246425932859,808,11.9925,1,64.7,8.1,72.8,1317,252.4822695035461,60.609756097560975,5,47.381169324221716,27.031131359149583,1.518602885345482,62.26271829916477,1310,209.0909090909091,7,0.53,43.4,17864.403712296982,56.559405940594054,9.325396825396826,55.5984555984556,71.85841734040194,13.191321732053932,43.08813211845102,38.19614274867122,null,2098211.7,1946257.2900000003,151954.40999999992,17.402597402597404,82.33766233766234,82.33766233766234,17.14285714285714,109.8,Alta (>600m),Medio (70-90km)
060047,Pastena,FR,Lazio,12,41.46965659275727,13.488725133744067,298,42.1606,3,95.4,3.0,98.4,1268,332.78688524590166,71.35135135135135,-2,50.76577287066246,32.018927444794954,1.8138801261829656,58.359621451104104,1265,340,3,0.24,-7.2,20227.1868852459,58.388375165125495,10.707070707070706,59.84251968503937,75.21206792842455,12.190490484252964,67.48000788643533,null,null,2912269.74,2912269.7400000007,-4.656612873077393e-10,3.076923076923077,93.33333333333333,30.76923076923077,0,30.1,Bassa (<300m),Lontano (>90km)
060066,Sant'Andrea del Garigliano,FR,Lazio,12,41.3558256659909,13.851538152750912,158,17.1068,3,128,1.6,129.6,1258,288.8059701492537,70.69199457259158,13,49.06200317965024,30.763116057233702,1.5103338632750398,58.58505564387917,1303,272.9166666666667,-45,-3.45,15.9,16452.421524663678,56.60377358490566,10.44776119402985,40.89506172839506,42.07466675556136,57.92533324443865,6.051510333863275,1.2706836248012718,null,2204987.8200000003,2237065.6799999997,-32077.859999999404,4.761904761904762,85.71428571428571,73.8095238095238,0,73.5,Bassa (<300m),Lontano (>90km)
060037,Fontechiari,FR,Lazio,12,41.67321265333631,13.664289325932586,390,16.1479,3,100.1,3.9,104,1205,204.76190476190476,59.18097754293263,-1,46.998340248962656,24.979253112033195,1.9917012448132778,62.821576763485474,1246,173.20261437908496,-41,-3.29,31.6,17482.450980392157,60.45918367346938,9.369024856596559,49.31285367825384,89.24238131410138,7.772790696090367,278.75278008298756,3.320829875518672,39.542846473029044,2477440.4000000004,2477440.4000000004,0,33.33333333333333,0,0,0,74.6,Media (300-600m),Lontano (>90km)
060069,Santopadre,FR,Lazio,12,41.59972432413731,13.639551431369508,728,21.5977,3,100.6,7.3,107.9,1184,347.5247524752475,61.74863387978142,4,50.164695945945944,29.64527027027027,1.2668918918918919,61.82432432432432,1225,284.1666666666667,-41,-3.35,63.4,17422.30769230769,61.58038147138964,8.130081300813007,55.74324324324324,39.617572687514446,47.70051738630817,0,97.81158783783785,null,3881972.67,3511557.329999999,370415.3400000008,1.3333333333333335,96,79.33333333333334,0,54.8,Alta (>600m),Lontano (>90km)
060040,Gallinaro,FR,Lazio,12,41.65946116732511,13.798928421983737,550,17.7389,1,111.3,5.5,116.8,1183,276.8595041322314,62.72352132049519,-6,48.32206255283178,28.317836010143704,2.0287404902789516,61.45393068469992,1192,233.84615384615384,-9,-0.76,43,16724.925211097707,58.1646423751687,6.507592190889371,76.85881370091896,75.89108401799739,5.823060276538169,64.87404902789518,null,250.1171597633136,4581569.32,4708662.410000001,-127093.09000000078,92.3076923076923,0,0,0,66.7,Media (300-600m),Lontano (>90km)
060088,Villa Latina,FR,Lazio,12,41.606749202559314,13.854353800596696,418,17.0343,1,117.4,4.2,121.5,1113,256.5891472868217,70.44410413476264,28,49.06379155435759,29.73944294699012,1.1680143755615455,58.67026055705301,1146,245.92592592592592,-33,-2.88,10.7,16276.166900420758,49.852507374631266,9.62566844919786,66.43356643356644,99.89626901224298,null,0,46.67337825696316,null,2382336.41,2310584.2699999996,71752.1400000006,75,20.37037037037037,14.814814814814817,71.29629629629632,65.3,Media (300-600m),Lontano (>90km)
060050,Picinisco,FR,Lazio,12,41.65288554962508,13.907268648380128,724,62.1468,1,120.2,7.2,127.5,1106,256.30252100840335,62.17008797653959,9,47.865280289330926,27.576853526220614,1.9891500904159132,61.66365280289331,1096,265.45454545454544,10,0.91,-9.2,14508.180606060607,58.35777126099707,7.87037037037037,49.81884057971015,82.85316728393826,12.004114959629485,43.724349005424955,49.12339963833635,null,2456548.76,2556808.8199999994,-100260.05999999959,0.013750366676444704,0.028875770020533882,0.008708565561748313,0.007791874449985333,17.8,Alta (>600m),Lontano (>90km)
060057,Posta Fibreno,FR,Lazio,12,41.698603851208844,13.693594893725521,410,9.8043,3,101.8,4.1,105.9,1029,356.1224489795918,76.80412371134021,13,51.23420796890185,33.91642371234208,1.84645286686103,56.559766763848394,1077,343.2692307692308,-48,-4.46,12.9,18064.124839124837,62.62798634812287,9.60591133004926,72.05452775073029,89.5587767656971,null,26.98736637512148,477.6908163265306,30.352954324586975,5378461.36,5256996.12,121465.24000000022,null,null,null,null,105,Media (300-600m),Lontano (>90km)
060083,Vallemaio,FR,Lazio,12,41.369147734387276,13.806324726071331,304,18.5375,3,124,3.0,127,891,232.11009174311926,68.43100189035917,-5,47.51066217732885,28.39506172839506,2.6936026936026933,59.37149270482603,902,241.1764705882353,-11,-1.22,-9.1,16452.151351351353,52.495378927911275,12.345679012345679,38.11659192825112,74.52999557473984,16.1702278436462,227.62886644219975,471.8428282828283,null,1814947.8700000003,1736848.47,78099.40000000037,90,0,0,89.99999999999999,48.1,Media (300-600m),Lontano (>90km)
060028,Collepardo,FR,Lazio,12,41.766935063081114,13.398156898528372,584,24.6785,1,76.2,5.8,82.1,866,253.2608695652174,60.07393715341959,-2,48.0473441108545,26.90531177829099,1.2702078521939952,62.47113163972286,903,201.86915887850466,-37,-4.1,51.4,18923.37394247039,54.90909090909091,12.716763005780345,48.69762174405436,72.38193679487944,10.330246682459716,62.568521939953804,54.27251732101617,2.1836027713625867,1219840.7400000007,1235581.96,-15741.219999999274,8.366013071895424,91.37254901960785,0,8.235294117647058,35.1,Media (300-600m),Medio (70-90km)
060065,Sant'Ambrogio sul Garigliano,FR,Lazio,12,41.39130279092039,13.863157668316024,116,9.0256,3,127,1.2,128.2,865,303.48837209302326,66.98841698841699,8,49.657803468208094,30.173410404624278,1.8497109826589597,59.884393063583815,906,278.1609195402299,-41,-4.53,25.3,18376.458786936237,60.26615969581749,9.943181818181818,34.32494279176201,80.02217217476336,2.370824418993291,348.8919884393064,40.97855491329479,null,2564822.2,2567379.1199999996,-2556.91999999946,0.4761904761904762,98.80952380952381,98.80952380952381,0,95.8,Bassa (<300m),Lontano (>90km)
060021,Castelnuovo Parano,FR,Lazio,12,41.37936238722781,13.747000311913782,313,9.8819,3,119.1,3.1,122.2,846,187.5,61.45038167938932,-13,45.979905437352244,24.822695035460992,3.0732860520094563,61.938534278959814,875,159.6638655462185,-29,-3.31,27.8,16096.435424354244,55.41044776119403,11.869436201780417,82.94392523364486,58.61130474512424,17.494856625951467,74.46808510638297,29.744397163120567,24.878132387706856,2537974.2399999998,2150486.5,387487.73999999976,100,0,0,71.05263157894737,85.6,Media (300-600m),Lontano (>90km)
060059,Rocca d'Arce,FR,Lazio,12,41.58657438536279,13.60312176050157,468,11.5828,3,98.3,4.7,103,842,364.93506493506493,73.96694214876032,1,51.66270783847981,33.3729216152019,1.187648456057007,57.482185273159146,921,285.7142857142857,-79,-8.58,79.2,18940.6013864818,58.10276679841897,10.909090909090908,31.67420814479638,78.8709434486183,14.877944664786416,164.231080760095,10.442992874109263,77.93549881235154,3902084.439999999,3606172.5899999994,295911.8499999996,8.823529411764707,8.823529411764707,8.823529411764707,0,72.7,Media (300-600m),Lontano (>90km)
060086,Vicalvi,FR,Lazio,12,41.67814450599804,13.711594621077074,391,8.2083,3,103.8,3.9,107.7,725,238.63636363636363,69.78922716627635,-15,48.08413793103448,28.965517241379313,2.344827586206897,58.896551724137936,743,264.6341463414634,-18,-2.42,-26,16691.403162055336,57.57575757575758,11.151079136690647,77.13498622589532,82.46198870633185,5.049212825281217,0,null,null,2079486.95,1834689.09,244797.85999999987,100,0,0,97.8609625668449,88.3,Media (300-600m),Lontano (>90km)
060072,Settefrati,FR,Lazio,12,41.688038049545284,13.866197011260507,778,50.677,1,116,7.8,123.8,705,258.1081081081081,60.22727272727273,-2,47.33758865248227,27.092198581560282,2.9787234042553195,62.4113475177305,711,269.2307692307692,-6,-0.84,-11.1,15010.655831739961,57.58241758241758,8.710801393728223,30.855539971949508,76.65033444395752,2.3463097463471567,6.15290780141844,null,null,1545516.9799999995,2013046.86,-467529.8800000006,0.020627157256863114,0,0,0.020627157256863114,13.9,Alta (>600m),Lontano (>90km)
060013,Belmonte Castello,FR,Lazio,12,41.58323344222674,13.812140950356278,384,14.0535,1,114.8,3.8,118.6,655,369.64285714285717,67.09183673469387,3,49.677862595419846,31.603053435114504,1.5267175572519083,59.84732824427481,692,275.7142857142857,-37,-5.35,93.9,15422.685897435897,53.41463414634147,10.975609756097562,51.698670605612996,96.29890818286545,3.164028158243527,126.57175572519084,7.0534351145038165,null,1924201.3299999998,1771737.7100000002,152463.61999999965,0,56.36363636363636,56.36363636363636,0,46.6,Media (300-600m),Lontano (>90km)
060029,Colle San Magno,FR,Lazio,12,41.55932587486386,13.713723149193504,534,44.9886,1,108,5.3,113.3,612,320.33898305084745,68.13186813186813,0,49.8202614379085,30.88235294117647,1.6339869281045754,59.47712418300654,650,276.81159420289856,-38,-5.85,43.5,14188.632882882883,58.80758807588076,10.330578512396695,34.865293185419965,85.08102622738659,8.174293639716721,0,9.313725490196079,null,2263300.79,1818636.6500000004,444664.13999999966,96.61016949152543,0,0,88.13559322033898,13.6,Media (300-600m),Lontano (>90km)
060034,Filettino,FR,Lazio,12,41.893182236975306,13.324548856468946,1014,78.0688,1,68.6,10.1,78.7,535,385,56.89149560117302,2,50.839252336448595,28.785046728971963,0.7476635514018692,63.73831775700934,507,330.95238095238096,28,5.52,54,19180.01340482574,57.30994152046783,10.091743119266056,98.83720930232558,71.37733211305941,6.345298456487031,0,240.3258878504673,null,2553026.9499999993,2743653.4899999993,-190626.54000000004,0.20385017382860277,0.5366819121887578,0.0037063667968836875,0.20088508039109582,6.9,Alta (>600m),Medio (70-90km)
060017,Casalattico,FR,Lazio,12,41.60445856679236,13.727482725507187,421,28.3769,1,107.4,4.2,111.6,519,366.6666666666667,67.96116504854369,2,50.51252408477842,31.79190751445087,2.119460500963391,59.53757225433526,535,325.4901960784314,-16,-2.99,41.2,13503.76569037657,32.68608414239482,6.481481481481481,37.453183520599254,81.91692078067132,2.747318818692715,8.689788053949904,null,null,1921540.2300000002,1512460.76,409079.4700000002,6.521739130434782,91.30434782608695,91.30434782608697,0,18.3,Media (300-600m),Lontano (>90km)
060032,Falvaterra,FR,Lazio,12,41.504457769677266,13.520496056295212,275,12.7328,3,95.9,2.8,98.6,514,271.42857142857144,67.97385620915033,-2,49.3852140077821,29.571984435797667,0.9727626459143969,59.53307392996109,540,249.18032786885246,-26,-4.81,22.2,19987.373937677054,56.76567656765676,12.690355329949238,33.13840155945419,76.99063535616366,20.25708877534885,566.5693385214008,null,null,2642122.5200000005,3028506.59,-386384.06999999937,8.333333333333332,66.66666666666666,66.66666666666666,0,40.4,Bassa (<300m),Lontano (>90km)
060061,San Biagio Saracinisco,FR,Lazio,12,41.61988427924351,13.948094879337592,852,31.2138,1,124.4,8.5,133,298,404,73.25581395348837,-4,51.644295302013425,33.89261744966443,2.348993288590604,57.71812080536913,308,369.2307692307692,-10,-3.25,34.8,11741.632558139534,49.112426035502956,5.681818181818182,39.603960396039604,67.76877062963987,10.617123808805125,829.1161409395972,null,501.2390939597315,3679233.3699999996,3642831.8299999996,36401.54000000004,0.0073349745338852895,0.0004584359083678306,0,0.0073349745338852895,9.5,Alta (>600m),Lontano (>90km)
060091,Viticuso,FR,Lazio,12,41.521770057663424,13.981040067469646,867,20.8595,1,130.3,8.7,139,286,438.0952380952381,65.3179190751445,-1,51.1013986013986,32.16783216783217,1.7482517482517483,60.48951048951049,303,373.9130434782609,-17,-5.61,64.2,13141.816425120773,45.55555555555556,11.827956989247312,55.921052631578945,83.17846591235161,10.21650555338348,17.482517482517483,null,11.886993006993006,898604.7,1438501.4899999995,-539896.7899999996,97.82608695652173,0,0,97.82608695652173,13.7,Alta (>600m),Lontano (>90km)
060077,Terelle,FR,Lazio,12,41.554477966825225,13.782917707207538,903,31.6444,1,113.6,9.0,122.6,278,1036.3636363636363,81.69934640522875,-11,56.39928057553957,41.007194244604314,1.079136690647482,55.03597122302158,311,907.1428571428571,-33,-10.61,129.2,8455.690566037736,47.682119205298015,20,26.402640264026402,81.45500031466618,5.53450310264447,121.01338129496403,null,null,1226664.37,1218643.5099999995,8020.860000000568,91.11111111111111,2.2222222222222223,2.2222222222222223,91.11111111111111,8.8,Alta (>600m),Lontano (>90km)
060001,Acquafondata,FR,Lazio,12,41.55095382142324,13.974625024968784,919,25.3174,1,128.8,9.2,138,249,506.25,63.81578947368421,6,52.6425702811245,32.53012048192771,0.8032128514056224,61.044176706827315,280,320.8333333333333,-31,-11.07,185.4,12883.537634408602,60.36585365853659,2.941176470588235,45.97701149425287,98.7430502159935,0.5205965717454165,132.46791164658634,null,17.863453815261042,1002176.9800000002,793528.4400000001,208648.54000000015,21.5,78,0,20.499999999999996,9.8,Alta (>600m),Lontano (>90km)
094023,Isernia,IS,Molise,14,41.607404229760014,14.21610019035031,419,69.1501,3,146.4,4.2,150.6,20529,227.49155405405406,60.709253170502585,72,46.88450484680209,26.24092746845925,1.9435919918164548,62.22417068537192,20971,197.0724191063174,-442,-2.11,30.4,20595.57938213566,59.53502741947941,7.964179104477612,119.26516799613246,54.256381198854484,27.87949350664065,127.67419260558235,189.662160845633,null,49398197.58,54605377.78999999,-5207180.209999993,80.40816326530611,7.673469387755103,5.142857142857144,67.26530612244899,296.9,Media (300-600m),Lontano (>90km)
094052,Venafro,IS,Molise,14,41.468786119587925,14.041570689382974,206,46.3861,3,137.1,2.1,139.1,10719,203.39652448657188,55.84472230299506,-18,45.902043101035545,24.022763317473643,1.9777964362347233,64.16643343595484,11048,177.5018261504748,-329,-2.98,25.9,19196.015179272443,60.11502516175413,8.271171566476525,114.96367147981238,69.84041561125439,16.478189030544957,96.43659949622166,117.87307398078178,5.355570482321112,15476405.52,15970254.849999994,-493849.3299999945,1.0190208154885725,0.16451169936506643,0.1522752919742764,0.48605729357860533,231.1,Bassa (<300m),Lontano (>90km)
094002,Agnone,IS,Molise,14,41.800995709636716,14.360209350763851,816,96.8489,1,154.8,8.2,162.9,4571,329.7169811320755,66.2786467806475,5,49.33646904397287,30.584117260993217,1.4438853642528986,60.140013126230585,4796,276.07361963190186,-225,-4.69,53.6,19907.070030328094,61.64629762760604,7.096424702058505,87.6255610173114,66.17866150406728,16.992007526732717,138.22488295777728,91.39113541894552,22.057096915335816,10200088.420000004,11312512.120000005,-1112423.7000000011,1.4893617021276597,12.393617021276595,0,0.9042553191489361,47.2,Alta (>600m),Lontano (>90km)
094022,Frosolone,IS,Molise,14,41.610684664043966,14.440430846142304,891,49.8862,1,164.5,8.9,173.4,2745,247.28434504792332,65.56091676718938,12,48.12969034608379,28.196721311475407,1.9307832422586522,60.400728597449906,2889,216.231884057971,-144,-4.98,31.1,15834.224437627812,56.28672150411281,9.021842355175687,90.10600706713781,73.36084537357989,24.04912078776941,70.27771584699452,50.30218214936247,null,4700894.110000001,4773000.190000002,-72106.080000001,74.36974789915966,1.680672268907563,0,24.369747899159663,55,Alta (>600m),Lontano (>90km)
094028,Montaquila,IS,Molise,14,41.55150106390915,14.110606430655395,457,25.449,3,139.5,4.6,144.1,2259,242.85714285714286,61.935483870967744,-14,47.91235059760956,27.091633466135455,1.416555998229305,61.75298804780876,2316,203.59712230215828,-57,-2.46,39.3,19082.796649335643,63.598032326071674,6.508264462809918,93.29829172141919,95.73682572526145,3.3442346610842373,36.08550243470562,1145.6288224878265,null,5221504.610000001,5596264.520000002,-374759.9100000011,71.42857142857143,0,0,0,88.8,Media (300-600m),Lontano (>90km)
094038,Pozzilli,IS,Molise,14,41.51694114001802,14.071498238355648,208,34.6596,3,137.6,2.1,139.7,2180,207.40740740740742,61.48148148148148,-9,46.38348623853211,25.688073394495415,2.706422018348624,61.92660550458715,2186,200,-6,-0.27,7.4,18825.383374689827,61.71932402645114,7.894736842105263,96.58314350797266,88.78684572821454,6.662284631905681,81.95774770642203,36.054550458715596,11.083532110091742,3921417.6099999994,3380357.640000001,541059.9699999983,0.6463168271466951,0.2207612793046714,0.21729019000742814,0.16452963268933057,62.9,Bassa (<300m),Lontano (>90km)
094030,Monteroduni,IS,Molise,14,41.518037001860506,14.168938879296523,467,37.2123,1,145.3,4.7,149.9,2127,319.7916666666667,61.01438304314913,19,48.18335684062059,28.866948754113775,1.316408086506817,62.10625293841091,2056,297.029702970297,71,3.45,22.8,18130.27375,56.34441087613293,10.120481927710843,60.810810810810814,41.48185304215272,58.518146957847264,69.77365773389751,20.251551480959098,81.81163140573578,3709084.0600000005,4336158.489999999,-627074.4299999988,77.38095238095238,16.666666666666664,0,0,57.2,Media (300-600m),Lontano (>90km)
094050,Sesto Campano,IS,Molise,14,41.420954207282946,14.062830132110683,270,35.3823,3,140.7,2.7,143.4,2123,278.6363636363636,64.57364341085271,45,49.1073951954781,28.87423457371644,1.460197833254828,60.76307112576542,2134,226.4591439688716,-11,-0.52,52.2,19237.86410923277,57.866462010744435,8.716707021791766,51.675977653631286,89.29060906143494,10.709390938565061,320.89116815826657,135.99821479039093,null,5468752.52,6252653.099999998,-783900.5799999982,2.367066895368782,9.502572898799313,9.365351629502573,0,60,Bassa (<300m),Lontano (>90km)
094021,Fornelli,IS,Molise,14,41.61406311181506,14.143950174606097,504,23.1728,3,140.4,5.0,145.4,1800,227.74869109947645,53.32197614991482,-1,47.20777777777778,24.166666666666668,2,65.22222222222223,1826,220.85561497326202,-26,-1.42,6.9,15649.948529411764,60.70528967254408,8.481012658227847,60.52193225985564,94.27560691052584,1.4097406795957284,0,34.9995,48.866211111111106,4247914.800000001,3949544.1099999994,298370.69000000134,22.085889570552148,73.61963190184049,71.16564417177915,19.631901840490805,77.7,Media (300-600m),Lontano (>90km)
094026,Macchiagodena,IS,Molise,14,41.557108097733476,14.420022182394659,860,34.3511,1,164.2,8.6,172.8,1660,324.5398773006135,71.48760330578513,6,49.71566265060241,31.867469879518072,2.5903614457831328,58.31325301204819,1656,313.125,4,0.24,11.4,14103.232156862745,56.24344176285414,9.152542372881356,71.60194174757281,78.83008819097498,9.534050636218499,63.30626506024096,26.991493975903612,14.194138554216869,2403197.7900000005,2366196.960000001,37000.82999999961,1.6952836339926103,98.13084112149532,80.52597261464899,1.5431427950445555,48.3,Alta (>600m),Lontano (>90km)
094010,Castelpetroso,IS,Molise,14,41.55382595229501,14.331978223572072,857,22.7064,1,157.2,8.6,165.8,1508,268.55345911949684,63.55748373101952,3,48.323607427055705,28.315649867374006,1.790450928381963,61.14058355437666,1577,234.68208092485548,-69,-4.38,33.9,15216.038626609443,57.25026852846402,8.88888888888889,82.68733850129199,85.93215856336731,11.882849262604738,32.062725464190976,134.47449602122018,10.66775198938992,2797018.94,2562104.0800000005,234914.8599999994,49.09090909090909,47.27272727272727,40,41.81818181818182,66.4,Alta (>600m),Lontano (>90km)
094031,Pesche,IS,Molise,14,41.613784418410894,14.285569559739805,723,12.9625,1,151.8,7.2,159.1,1477,203.4090909090909,56.62778366914104,-30,46.27420446851726,24.238320920785377,1.7603249830737984,63.84563303994584,1578,168.0203045685279,-101,-6.4,35.4,22055.929680365298,61.49789029535865,7.4603174603174605,64.77197620621283,66.55939638395793,31.35530544286585,40.78077183480027,199.34218686526745,null,1872835.6500000004,2561864.5,-689028.8499999996,73.30827067669173,0,0,72.18045112781954,113.9,Alta (>600m),Lontano (>90km)
094044,Sant'Agapito,IS,Molise,14,41.544748821053034,14.215483411660184,556,15.9289,1,148.1,5.6,153.7,1357,209.03954802259886,67.53086419753086,-13,46.27708179808401,27.266028002947678,1.7686072218128224,59.69049373618276,1366,179.16666666666666,-9,-0.66,29.9,17391.82538071066,58.64661654135338,7.6923076923076925,58.09731299927378,53.87766086447816,43.47676740104895,111.27256448047163,366.67651436993367,null,2395836.11,2825726.8199999994,-429890.7099999995,62.71186440677966,0,0,57.6271186440678,85.2,Media (300-600m),Lontano (>90km)
094017,Colli a Volturno,IS,Molise,14,41.59150048325241,14.107546276882621,385,25.2496,3,138.1,3.9,141.9,1269,237.3015873015873,50.355450236966824,-2,47.04176516942474,23.5618597320725,1.6548463356973995,66.5090622537431,1291,207.63888888888889,-22,-1.7,29.7,19280.153522607783,58.66983372921615,8.518518518518519,89.90536277602524,70.1822788592344,29.817721140765606,6.3183766745468875,204.8746256895193,null,4081023.8999999994,4081023.9,-4.656612873077393e-10,60.78431372549019,35.294117647058826,35.294117647058826,58.82352941176471,50.3,Media (300-600m),Lontano (>90km)
094007,Carovilli,IS,Molise,14,41.708849805139856,14.291884416854446,885,41.5626,1,150.4,8.9,159.2,1225,315.2542372881356,66.66666666666667,25,49.10367346938776,30.36734693877551,1.7959183673469388,60,1279,272.72727272727275,-54,-4.22,42.5,17487.544502617802,63.793103448275865,6.782945736434108,55.466237942122184,85.24216022840912,9.255641654394472,247.27582857142858,620.6774285714285,null,2183887.4499999993,2924301.13,-740413.6800000006,0.7334963325183375,2.9951100244498776,0,0.4889975550122249,29.5,Alta (>600m),Lontano (>90km)
094014,Cerro al Volturno,IS,Molise,14,41.65982603539808,14.11093266408526,504,23.7896,1,136.6,5.0,141.6,1103,483.56164383561645,62.92466765140325,16,51.11332728921124,32.00362647325476,1.2692656391659112,61.37805983680871,1170,428.735632183908,-67,-5.73,54.8,15440.282685512368,56.74486803519062,8.941176470588236,82.46527777777777,52.52524447159159,47.474755528408416,0,69.04324569356301,269.6265095194923,5113694.14,4701893.35,411800.79000000004,36.032388663967616,61.53846153846154,61.53846153846154,34.81781376518219,46.4,Media (300-600m),Lontano (>90km)
094042,Rocchetta a Volturno,IS,Molise,14,41.62943925816508,14.057708564537796,555,23.3408,1,133,5.6,138.6,1087,325.24271844660194,67.4884437596302,-13,49.4949402023919,30.818767249310024,1.6559337626494939,59.70561177552898,1081,269.3693693693694,6,0.56,55.9,16381.898446833931,59.93690851735016,7.990314769975787,68.16059757236228,61.06316358909562,27.41482371466389,175.20111315547376,39.153587856485736,34.13851885924563,3174816.8000000003,3110877.7800000003,63939.02000000002,0.008700032052749667,0.1163056916525482,0.11584779522871928,0.006410549933605018,46.6,Media (300-600m),Lontano (>90km)
094025,Macchia d'Isernia,IS,Molise,14,41.57480348882051,14.17106371281559,355,17.7115,3,143.7,3.6,147.2,1029,160.126582278481,66.50485436893204,-5,45.54421768707483,24.586977648202136,2.2351797862001943,60.05830903790087,1057,156.57894736842104,-28,-2.65,3.5,17552.179166666665,62.68174474959613,6.506024096385541,72.97830374753451,92.4238237440351,6.418709537135165,14.637366375121477,742.9714480077745,48.59086491739553,3368977.7699999996,3307165.6100000013,61812.15999999829,56.53495440729483,31.61094224924012,31.61094224924012,20.060790273556233,58.1,Media (300-600m),Lontano (>90km)
094008,Carpinone,IS,Molise,14,41.59798410401842,14.334137006160688,635,32.4292,1,156.2,6.4,162.5,1019,285.8490566037736,67.04918032786885,-29,49.09126594700687,29.735034347399413,2.1589793915603535,59.86261040235525,1044,281.6326530612245,-25,-2.39,4.2,14663.333333333334,54.20711974110033,10.666666666666668,67.6328502415459,82.59488119789255,13.623084316010825,90.94855740922473,51.210510304219824,0.14720314033366044,2470546.43,2096838.31,373708.1200000001,81.03448275862068,1.7241379310344827,0,78.16091954022988,31.4,Alta (>600m),Lontano (>90km)
094039,Rionero Sannitico,IS,Molise,14,41.72268038520507,14.148190151992619,1029,29.2126,1,138.3,10.3,148.6,948,431.8181818181818,58.79396984924623,1,50.770042194092824,30.063291139240505,1.0548523206751055,62.9746835443038,1033,294,-85,-8.23,137.8,18244.929203539825,54.63576158940398,11.05121293800539,64.48311156601842,75.53950070502171,22.779561629731106,47.752573839662446,316.8253270042194,438.7269620253164,4795218.64,3930128.51,865090.1299999999,72.72727272727273,23.636363636363637,3.6363636363636362,67.27272727272727,32.5,Alta (>600m),Lontano (>90km)
094027,Miranda,IS,Molise,14,41.64131803235013,14.25537384304706,875,22.1461,1,148.7,8.8,157.5,915,288.2352941176471,76.30057803468208,7,49.61748633879781,32.131147540983605,2.185792349726776,56.72131147540984,963,263.20754716981133,-48,-4.98,25,15109.26278409091,58.59519408502772,7.848837209302325,66.66666666666667,49.3776446658871,46.512625254510894,16.97622950819672,419.5661530054645,null,1654486.3899999997,1557625.68,96860.70999999973,99.23076923076923,0,0,64.61538461538461,41.3,Alta (>600m),Lontano (>90km)
094016,Civitanova del Sannio,IS,Molise,14,41.68275667793702,14.419217747493702,653,50.4723,1,161.3,6.5,167.8,874,279.1666666666667,71.37254901960785,-6,49.08695652173913,30.663615560640732,2.1739130434782608,58.35240274599543,919,310,-45,-4.9,-30.8,13246.566510172144,52.436647173489284,12.662337662337661,57.888762769580026,82.5319249331217,11.796036495113599,154.43305491990844,475.55966819221965,null,1669469.9900000002,2189840.35,-520370.35999999987,32.83582089552239,66.16915422885572,52.23880597014925,31.8407960199005,17.3,Alta (>600m),Lontano (>90km)
094040,Roccamandolfi,IS,Molise,14,41.48471182518164,14.339061725022074,837,53.6624,1,159.9,8.4,168.3,801,503.84615384615387,64.47638603696099,18,51.56429463171036,32.70911360799001,1.4981273408239701,60.79900124843945,871,451.61290322580646,-70,-8.04,52.2,12481.731437598735,50.91277890466531,12.543554006968641,60.426540284360186,94.02367330840356,5.976326691596443,110.62441947565543,84.85127340823969,null,1600468.63,1750830.7900000003,-150362.16000000038,0.0516640718270231,0.3099844309621386,0.03490815663988047,0.05096590869422548,14.9,Alta (>600m),Lontano (>90km)
094032,Pescolanciano,IS,Molise,14,41.69221076971102,14.342149025654814,803,34.7337,1,154.8,8.0,162.8,786,271.79487179487177,58.46774193548387,0,48.161577608142494,26.97201017811705,1.5267175572519083,63.104325699745544,829,260.7142857142857,-43,-5.19,11.1,17379.517915309447,61.53846153846154,6.58682634730539,77.50952986022871,75.84380523656905,18.65045549805869,143.6817048346056,509.15778625954204,130.5680407124682,2782230.0700000003,2858922.94,-76692.86999999965,6.800709639266706,0.05913660555884093,0,6.623299822590184,22.6,Alta (>600m),Lontano (>90km)
094006,Capracotta,IS,Molise,14,41.826639473980876,14.282136360725465,1406,42.5447,1,148.1,14.1,162.2,749,659.0909090909091,80.48192771084338,11,55.076101468624834,38.71829105473965,1.0680907877169559,55.407209612817084,821,537.2549019607843,-72,-8.77,121.8,19602.542424242423,65.37585421412301,6.8181818181818175,86.35794743429287,92.56581343772365,5.771569477210855,0,1124.7991855807743,null,3256956.5299999993,3314676.68,-57720.15000000084,17.67241379310345,81.75287356321839,2.8735632183908044,15.660919540229882,17.6,Alta (>600m),Lontano (>90km)
094005,Cantalupo nel Sannio,IS,Molise,14,41.52463328427482,14.387717112167378,592,15.638,1,162.5,5.9,168.4,723,224.41860465116278,62.83783783783784,15,47.291839557399726,26.69432918395574,2.627939142461964,61.41078838174274,733,219.27710843373495,-10,-1.36,5.1,13445.014492753624,59.333333333333336,8.24742268041237,97.62900976290098,65.74630655846647,31.20957704283794,186.1195020746888,117.16875518672201,null,2952982.22,2993598.97,-40616.75,1.1097410604192355,98.62309905466502,85.92272914097822,1.1097410604192355,46.2,Media (300-600m),Lontano (>90km)
094049,Sessano del Molise,IS,Molise,14,41.64103506939302,14.328694246854244,815,25.3179,1,154.7,8.2,162.9,674,785.2941176470588,80.6970509383378,20,55.82789317507418,39.61424332344214,0.8902077151335311,55.34124629080118,662,633.3333333333334,12,1.81,152,15000.397590361446,56.37755102040817,8.29875518672199,65.86826347305389,83.26114531025371,16.738854689746276,47.42682492581602,30.987566765578634,null,1656221.9300000002,1729353.5499999998,-73131.61999999965,98.80952380952381,0,0,0,26.6,Alta (>600m),Lontano (>90km)
094045,Santa Maria del Molise,IS,Molise,14,41.558296632451174,14.366055134903245,655,17.1965,1,159.8,6.6,166.4,645,326.7857142857143,58.86699507389162,6,49.74573643410853,28.37209302325581,1.3953488372093024,62.945736434108525,676,258.46153846153845,-31,-4.59,68.3,16039.2995951417,51.05882352941177,11.788617886178862,59.09797822706065,80.34841318399553,15.229720316506906,701.9818759689922,45.37018604651163,null,2400126.35,3416627.3200000003,-1016500.9700000002,7.157057654075547,91.78263750828363,35.45394300861497,6.82571239231279,37.5,Alta (>600m),Lontano (>90km)
094024,Longano,IS,Molise,14,41.51615396309568,14.250919138997572,674,27.3727,1,151.9,6.7,158.6,624,224.7058823529412,79.3103448275862,-1,48.993589743589745,30.60897435897436,1.7628205128205128,55.769230769230774,659,194.6236559139785,-35,-5.31,30.1,13047.172549019608,57.821229050279335,7.5892857142857135,37.91469194312796,95.86856715815144,3.200796650373091,251.13844551282054,7.1475320512820515,23.44014423076923,1032566.39,1221224.8599999999,-188658.46999999986,0.0014008545212579673,0,0,0,22.8,Alta (>600m),Lontano (>90km)
094020,Forlì del Sannio,IS,Molise,14,41.6875595853661,14.184389653092184,617,32.5615,1,142,6.2,148.1,623,477.27272727272725,68.83468834688347,12,51.68539325842696,33.70786516853933,1.1235955056179776,59.22953451043339,646,511.3636363636364,-23,-3.56,-34.1,18077.198770491803,55.79514824797843,10.38961038961039,54.750402576489535,70.10066226412889,22.78653142710089,7.646211878009631,22.481235955056178,null,1115649.74,1592191.4500000002,-476541.7100000002,33.33333333333333,44.44444444444444,44.44444444444444,0,19.1,Alta (>600m),Lontano (>90km)
094003,Bagnoli del Trigno,IS,Molise,14,41.699286099417876,14.476369788369343,616,36.8009,1,165.7,6.2,171.8,610,285.3333333333333,90.03115264797508,10,50.58688524590164,35.08196721311476,2.2950819672131146,52.622950819672134,665,283.3333333333333,-55,-8.27,2,13835.912663755458,57.57575757575758,7.317073170731707,91.19496855345912,79.96116524151812,12.862976122337988,759.130213114754,91.23468852459017,129.73481967213115,2363528.6799999997,2630238.3600000003,-266709.68000000063,0.5605381165919282,99.10313901345292,97.86995515695068,0.11210762331838567,16.6,Alta (>600m),Lontano (>90km)
094004,Belmonte del Sannio,IS,Molise,14,41.84098977644067,14.412785625957119,856,20.3167,1,158.8,8.6,167.4,610,376.7857142857143,77.84256559766764,-4,51.5311475409836,34.59016393442623,1.639344262295082,56.22950819672131,675,350,-65,-9.63,26.8,14364.127272727274,56.598240469208214,9.389671361502346,32.9153605015674,93.76249053438606,6.237509465613941,0,15.432459016393441,null,1574793.7699999998,1380164.3600000003,194629.40999999945,0,71.42857142857143,0,0,30,Alta (>600m),Lontano (>90km)
094051,Vastogirardi,IS,Molise,14,41.75888533799666,14.252146261866926,1164,60.7034,1,146.3,11.6,158,589,521.0526315789474,66.85552407932012,-3,53.13412563667232,33.61629881154499,1.0186757215619695,59.9320882852292,642,492.5,-53,-8.26,28.6,16924.626804123713,55.865921787709496,8.256880733944955,51.036682615629985,82.91682878453078,14.21937569175921,220.03397283531407,6.314601018675722,null,2281709.9000000004,2204196.480000001,77513.41999999946,5.626034197462769,20.13237727523442,0,4.798676227247656,9.7,Alta (>600m),Lontano (>90km)
094035,Pietrabbondante,IS,Molise,14,41.73790981806888,14.394275344750417,1016,27.4436,1,158.3,10.2,168.5,579,973.9130434782609,74.39759036144578,-7,56.286701208981,38.68739205526771,0.690846286701209,57.340241796200345,647,853.8461538461538,-68,-10.51,120.1,15660.560396039604,61.71428571428571,7.6923076923076925,51.15511551155115,79.97209670340366,19.43154216937311,59.23132987910191,null,535.0131088082901,2376584.9699999997,2422562.53,-45977.560000000056,3.688029020556227,1.0278113663845223,0,3.5066505441354296,21.1,Alta (>600m),Lontano (>90km)
094048,Scapoli,IS,Molise,14,41.59864603118689,14.045568192690391,600,18.9353,1,132.9,6.0,138.9,576,596.969696969697,66.47398843930635,-5,53.078125,34.20138888888889,0.5208333333333333,60.06944444444444,606,497.43589743589746,-30,-4.95,99.5,14098.366972477064,49.44134078212291,14.077669902912621,42.58943781942078,70.14599350785392,25.8254637921355,0,null,null,1522154.19,1722753.5500000003,-200599.36000000034,0.010521981792396724,0.20723729356329199,0.20449242874788415,0.009149549384692804,30.4,Alta (>600m),Lontano (>90km)
094019,Filignano,IS,Molise,14,41.565443565719214,14.04339021546994,479,30.8761,1,133.7,4.8,138.5,557,671.875,79.6774193548387,14,54.51885098743268,38.59964093357271,0.5385996409335727,55.65529622980251,584,392.15686274509807,-27,-4.62,279.7,17442.33729216152,56.41025641025641,9.743589743589745,60.97560975609756,86.8955326615626,13.094893358875364,163.37635547576303,null,null,1079242.23,1227407.33,-148165.1000000001,0.18892204911973276,0.2715184039281184,0.1893783825717128,0.15195903950935027,18,Media (300-600m),Lontano (>90km)
094037,Poggio Sannita,IS,Molise,14,41.767558789177706,14.443297703446113,703,25.7363,1,162,7.0,169,530,639.3939393939394,85.31468531468532,-3,56.0188679245283,39.81132075471698,0.9433962264150944,53.9622641509434,597,453.7037037037037,-67,-11.22,185.7,12723.753086419752,51.19453924914675,10.714285714285714,68.42105263157895,67.21875807423254,27.626731681993157,0,35.297547169811324,null,3113538.2599999993,2963050.750000001,150487.50999999838,57.14285714285714,0,0,0,20.6,Alta (>600m),Lontano (>90km)
094041,Roccasicura,IS,Molise,14,41.69411786804955,14.238226318379313,737,28.6049,1,146.2,7.4,153.6,470,366.6666666666667,48.734177215189874,-3,49.84893617021277,25.744680851063826,0.425531914893617,67.23404255319149,510,327.5,-40,-7.84,39.2,13934.342036553524,56.36942675159236,7.8125,76.28865979381443,81.01345720083596,18.182472497511938,3126.714404255319,null,null,3321596.1400000006,3151800.37,169795.77000000048,60,0,0,0,16.4,Alta (>600m),Lontano (>90km)
094029,Montenero Val Cocchiara,IS,Molise,14,41.70957805916705,14.080146423929616,899,22.0188,1,133,9.0,142,458,475,67.15328467153284,13,52.2292576419214,33.18777292576419,0.43668122270742354,59.82532751091703,505,355,-47,-9.31,120,13911.745257452574,56.84210526315789,11.475409836065573,69.38775510204081,80.91884157457345,19.08115842542655,555.9218558951965,400.5677947598253,null,1622594.33,1651579.5399999998,-28985.20999999973,41.66666666666667,6.25,4.166666666666666,39.58333333333333,20.8,Alta (>600m),Lontano (>90km)
094034,Pettoranello del Molise,IS,Molise,14,41.56488084499749,14.280200519850384,731,15.584,1,152.7,7.3,160,452,229.54545454545453,47.23127035830619,-2,46.33849557522124,22.345132743362832,1.3274336283185841,67.92035398230088,429,212.7659574468085,23,5.36,16.8,13405.581196581197,57.87671232876712,8.64864864864865,121.0762331838565,83.08957639304874,15.2164316015062,411.6048451327434,45.78595132743363,null,2285961.3,2222961.29,63000.00999999978,100,0,0,11.931818181818183,29,Alta (>600m),Lontano (>90km)
094012,Castel San Vincenzo,IS,Molise,14,41.65397517178985,14.043646647068787,741,21.9784,1,131.2,7.4,138.7,427,600,64.86486486486487,-1,52.59016393442623,33.723653395784545,0.234192037470726,60.65573770491803,474,418.9189189189189,-47,-9.92,181.1,14593.807692307691,52.61194029850746,11.875,77.27272727272727,72.8153382925707,26.943299353733735,622.6957142857143,null,78.84430913348946,4614958.78,4729684.06,-114725.27999999933,0.023361061233464032,0.06504452343435084,0.06367034336179413,0.007787020411154677,19.4,Alta (>600m),Lontano (>90km)
094043,San Pietro Avellana,IS,Molise,14,41.80936914924169,14.19808213287307,968,44.9456,1,141.3,9.7,151,396,639.1304347826087,75.22123893805309,4,53.27777777777778,37.121212121212125,1.0101010101010102,57.07070707070707,439,461.7647058823529,-43,-9.79,177.4,14539.01108033241,51.69491525423729,12.23021582733813,74.16267942583733,67.49727930528987,25.840063374868155,477.3203282828283,null,259.00858585858583,2529604.5,3074968.8800000004,-545364.3800000004,0.8849557522123894,99.11504424778761,0.2949852507374631,0,8.8,Alta (>600m),Lontano (>90km)
094001,Acquaviva d'Isernia,IS,Molise,14,41.67966466539561,14.140318846902405,741,13.5139,1,138.5,7.4,145.9,347,445,45.79831932773109,0,49.10086455331412,25.64841498559078,0,68.58789625360231,395,204.65116279069767,-48,-12.15,240.3,15228.059649122806,55.55555555555556,10,70.46070460704607,64.36451714732367,35.60865112201769,387.823976945245,2.220979827089337,null,1456297.25,1494794.9300000002,-38497.68000000017,37.5,50,50,0,25.7,Alta (>600m),Lontano (>90km)
094046,Sant'Angelo del Pesco,IS,Molise,14,41.88103502357935,14.269564246539055,807,15.5896,1,146.8,8.1,154.9,310,533.3333333333334,75.14124293785311,-4,54.41290322580645,36.12903225806451,0.6451612903225806,57.096774193548384,344,356.25,-34,-9.88,177.1,13544.315789473685,62.295081967213115,7.317073170731707,62.5,100,null,940.6987096774193,null,null,1112505.9599999995,1259775.6799999995,-147269.71999999997,65.33333333333333,33.33333333333333,33.33333333333333,46.666666666666664,19.9,Alta (>600m),Lontano (>90km)
094009,Castel del Giudice,IS,Molise,14,41.8516206311704,14.22951974226198,810,14.8083,1,143.6,8.1,151.7,305,207.14285714285714,73.29545454545455,2,47.527868852459015,28.524590163934427,2.2950819672131146,57.70491803278689,314,282.3529411764706,-9,-2.87,-75.2,20196.30701754386,62.98342541436463,8.799999999999999,97.40259740259741,100,null,163.9344262295082,null,null,7654744.779999999,6544563.8,1110180.9799999995,3.9215686274509802,94.11764705882352,94.11764705882352,0,20.6,Alta (>600m),Lontano (>90km)
094036,Pizzone,IS,Molise,14,41.67834265839794,14.009346436492637,732,33.4825,1,127.9,7.3,135.2,300,488.8888888888889,54.63917525773196,-10,51.126666666666665,29.333333333333332,0.6666666666666667,64.66666666666666,309,400,-9,-2.91,88.9,15015.101886792452,55.38461538461539,12.195121951219512,55.016181229773466,82.66804410847932,11.193789704426067,489.8277,null,672.7634333333333,1178888.47,1406706.97,-227818.5,0.0018338865557776596,0.0009169432778888298,0,0,9,Alta (>600m),Lontano (>90km)
094047,Sant'Elena Sannita,IS,Molise,14,41.572656940633436,14.467663985409441,782,14.076,1,167.6,7.8,175.4,280,483.3333333333333,60,25,50.517857142857146,31.071428571428573,0.35714285714285715,62.5,275,396,5,1.82,87.3,13556.228971962617,54.21686746987952,10.891089108910892,85.32423208191126,52.33605918955686,45.55801050782763,503.37425,19.03514285714286,null,2642373.3200000008,2354852.71,287520.6100000008,16.566265060240966,82.83132530120481,82.83132530120481,16.566265060240966,19.9,Alta (>600m),Lontano (>90km)
094033,Pescopennataro,IS,Molise,14,41.87268976955556,14.310910448905314,1200,18.832,1,150.2,12.0,162.2,231,317.85714285714283,102.63157894736842,-5,52.61471861471861,38.52813852813853,3.463203463203463,49.35064935064935,244,455,-13,-5.33,-137.1,20657.59487179487,66.37931034482759,4.938271604938271,92.05020920502092,62.10088515079637,37.21988866418463,243.50337662337662,null,null,1754568.31,1749000.1400000001,5568.1699999999255,96.1038961038961,2.5974025974025974,0,55.84415584415584,12.3,Alta (>600m),Lontano (>90km)
094015,Chiauci,IS,Molise,14,41.68127348917922,14.373584741678672,872,15.8538,1,157.6,8.7,166.3,193,550,67.82608695652173,-4,50.69948186528497,34.196891191709845,1.0362694300518136,59.58549222797927,204,654.5454545454545,-11,-5.39,-104.5,14983.491329479768,72.41379310344827,5.617977528089887,65.65656565656566,90.29360172008414,9.53583095402421,144.11948186528497,null,null,534500.08,465837.5500000001,68662.52999999985,5.555555555555555,58.333333333333336,0,0,12.2,Alta (>600m),Lontano (>90km)
094018,Conca Casale,IS,Molise,14,41.49990699998597,14.00889696843906,658,14.4295,3,133.3,6.6,139.9,162,338.8888888888889,95.18072289156626,2,52.129629629629626,37.65432098765432,0.6172839506172839,51.23456790123457,170,411.7647058823529,-8,-4.71,-72.9,15316.626984126984,55.00000000000001,8.333333333333332,39.325842696629216,81.16280544705151,18.83719455294849,162.5348148148148,null,null,393818.80000000005,359506.3800000001,34312.419999999925,0.15661707126076743,0.03915426781519186,0,0,11.2,Alta (>600m),Lontano (>90km)
094011,Castelpizzuto,IS,Molise,14,41.523908836809454,14.29947190718547,865,15.3894,1,155.5,8.7,164.1,135,1300,45.16129032258065,2,52.93333333333333,28.888888888888886,0.7407407407407408,68.88888888888889,153,680,-18,-11.76,620,14090,41.75824175824176,9.523809523809524,53.03030303030303,57.7200864644557,41.561634146463355,3695.5556296296295,null,null,1191710.99,1289022.08,-97311.09000000008,null,null,null,null,8.8,Alta (>600m),Lontano (>90km)
094013,Castelverrino,IS,Molise,14,41.768910428774255,14.388731458684308,628,6.1987,1,157.5,6.3,163.8,89,966.6666666666666,56.14035087719298,-3,53.13483146067416,32.58426966292135,1.1235955056179776,64.04494382022472,101,3300,-12,-11.88,-2333.3,13563,71.66666666666667,6.521739130434782,102.04081632653062,86.2925242334615,13.707475766538495,0,null,null,1605667.58,2001992.6799999997,-396325.0999999996,93.33333333333333,0,0,0,14.4,Alta (>600m),Lontano (>90km)
059011,Latina,LT,Lazio,12,41.466313037407325,12.877925303036681,27,278.0155,5,58,0.3,58.2,127796,189.6313065976714,53.93584601115408,311,45.66408964286832,22.940467620269807,1.8224357569876992,64.96212714012958,127560,159.46429602262887,236,0.19,30.2,23416.71455402155,61.79459667988764,8.811442600202806,100.08690954360745,78.42978901096072,9.97263930040691,21.369795533506526,35.725452987573945,0.7207919653197283,162285463.5100001,140389195.40000004,21896268.110000074,8.456797185596201,18.08125732917656,15.960443897834853,5.763235420301462,459.7,Bassa (<300m),Vicino (50-70km)
059001,Aprilia,LT,Lazio,12,41.578676048134774,12.65625518162281,81,178.0823,5,38.4,0.8,39.2,74586,149.03627557576357,51.01131785143042,364,43.90370847075859,20.215590057115275,2.087523127664709,66.22020218271525,73429,128.75931205738988,1157,1.58,20.3,20326.81726464092,60.00485672656629,9.326646688275947,65.71347792721839,73.01258953443168,16.637070823162407,6.811219129595367,52.9799495883946,2.213548655243611,142580700.26000002,132923660.84000005,9657039.419999972,59.65880831592559,39.18233363175172,37.744951755694814,40.64955734606585,418.8,Bassa (<300m),Molto vicino (<50km)
059032,Terracina,LT,Lazio,12,41.315798968096864,13.190958813074106,42,136.9161,5,87.1,0.4,87.6,44774,219.09487892020644,56.017840964527146,500,46.812927145218204,24.652700227810783,1.724214946174119,64.09523384106848,44495,194.28837209302327,279,0.63,24.8,18992.63979652342,56.51190310455242,11.015509398805284,72.68953511728078,86.94054711418586,11.490734189802113,42.07449769955778,35.314825791754146,2.856092821726895,58019798.92000001,50508882.48000003,7510916.439999983,3.6635643003751146,2.428515818529266,2.2480359544199873,3.4653903319413972,327,Bassa (<300m),Medio (70-90km)
059007,Fondi,LT,Lazio,12,41.33594224744049,13.409626004775628,11,145.0776,5,98.7,0.1,98.8,39916,155.27582376897445,52.78266860598637,425,43.93486321274677,21.014129672311853,2.2672612486221064,65.45245014530514,39237,137.46423462088697,679,1.73,17.8,16493.90741581536,55.553434385857734,11.420918056739316,84.88780069162229,79.73315604527177,6.1459097557452775,33.82838761398938,72.01002104419281,59.27781340815714,47112683.58999998,49305097.14999999,-2192413.56000001,1.044108246324313,12.287158824554947,10.91277143908723,0.2653855839451408,275.1,Bassa (<300m),Lontano (>90km)
059008,Formia,LT,Lazio,12,41.28458465522654,13.627902343723443,22,74.4278,4,116.5,0.2,116.7,36807,229.02608279492702,59.634818059591446,175,47.07379031162551,26.00320591191893,1.649142826092863,62.64297552096069,37341,192.95655841417124,-534,-1.43,36.1,20813.280169070887,57.51832415318559,11.058949768627189,84.7457627118644,88.77204482103873,3.2176369215846483,77.43826826418889,111.43167576819627,3.2049811177221725,39496960.17999999,42379716.53,-2882756.350000009,0.1911504424778761,0.040117994100294985,0.007079646017699117,0.13805309734513277,494.5,Bassa (<300m),Lontano (>90km)
059005,Cisterna di Latina,LT,Lazio,12,41.57336936448687,12.837547741378323,86,144.157,5,46.3,0.9,47.2,36177,164.94519392917368,53.24042697390715,216,44.51123642093042,21.629764767670068,2.081432954639688,65.25693119938082,36481,138.71029468044392,-304,-0.83,26.2,18290.444189786893,59.711956751277604,9.511008704557092,72.97797673326149,82.52376239351452,10.019122768036684,26.709794897310445,42.65621278712994,16.658511761616495,48797840.27000001,53573464.23,-4775623.959999986,21.241496598639458,74.32823129251702,65.12755102040815,7.780612244897958,251,Bassa (<300m),Molto vicino (<50km)
059028,Sezze,LT,Lazio,12,41.48951965583196,13.056898402265666,320,100.4711,3,65.4,3.2,68.6,23698,177.58203799654578,51.30890052356021,173,45.01135116887501,21.693813823951388,1.9410920752806144,66.08996539792388,23576,156.93548387096774,122,0.52,20.6,17330.26922081284,55.690720336284315,8.945121316255337,51.459131679791135,81.55961024042175,15.040130971409157,2.397731032154612,24.600341379019326,40.28378808338257,21975954.219999995,23283737.560000002,-1307783.3400000073,2.2444646648468307,95.48074006672734,82.59023354564758,0.6976038823172581,235.9,Media (300-600m),Vicino (50-70km)
059014,Minturno,LT,Lazio,12,41.26651774447933,13.743896536711517,120,42.3073,4,125.6,1.2,126.8,20452,206.0344827586207,57.359390628606604,21,45.943379620575,24.540387248190886,1.9655779385879133,63.54879718364952,19971,180.0308404009252,481,2.41,26,19684.947086500182,55.07704160246533,12.646627565982405,64.84943908679394,90.22364126348718,4.5067642261368075,42.765573049090555,74.0815172110307,8.92423626051242,28745139.120000005,30006469.740000006,-1261330.620000001,48.140243902439025,10.701219512195122,9.298780487804878,46.21951219512195,483.4,Bassa (<300m),Lontano (>90km)
059024,Sabaudia,LT,Lazio,12,41.343433243216616,13.030522876701054,21,145.8065,5,76.4,0.2,76.6,19322,193.9878892733564,54.26746506986028,89,46.070748369733984,23.21188282786461,1.6457923610392298,64.82248214470552,19938,163.80808462410275,-616,-3.09,30.2,21104.2760649231,58.53425638577227,10.532717100462175,69.05068175971186,79.80812990674127,17.682750039183137,4.74594037884277,94.16700082807164,84.77983593830866,25023105.299999997,29124013.129999995,-4100907.829999998,4.074223081376522,6.0132078619160225,5.882699270918172,3.1047306911067722,132.5,Bassa (<300m),Medio (70-90km)
059009,Gaeta,LT,Lazio,12,41.234882780132395,13.540334753496731,8,29.5578,4,114.3,0.1,114.4,19137,314.4657534246575,65.35902531754947,-62,49.6531849297173,29.98902649318075,1.5519673930083084,60.47447353294665,19755,270.3650336215178,-618,-3.13,44.1,21957.99759189744,57.06098708408177,12.740353172007849,81.79622874171505,84.18476039270722,3.7628695202500535,88.55129382870878,159.14928254167322,0.2719287244604693,65024761.64999999,70255061.81,-5230300.160000011,71.67167167167166,14.814814814814813,2.0520520520520518,52.95295295295295,647.4,Bassa (<300m),Lontano (>90km)
059017,Pontinia,LT,Lazio,12,41.40268704630097,13.111974570521454,5,112.1024,5,75.6,0.1,75.6,15111,149.24829157175398,56.75311203319502,18,43.87902852226855,21.67957117331745,2.3757527628879624,63.79458672490239,14849,137.41527338454586,262,1.76,11.8,17110.7176230648,59.89010989010989,9.195221628418736,63.36765194287612,86.11895079028636,8.53279884205014,9.916910859638675,93.40469525511216,null,14764020.679999994,16401081.41,-1637060.730000006,20.87912087912088,78.90381223714556,73.92484059150726,7.000407000407001,134.8,Bassa (<300m),Medio (70-90km)
059019,Priverno,LT,Lazio,12,41.471562692298505,13.166371043630221,129,56.9807,3,73.4,1.3,74.7,13698,192.90657439446366,58.92794987817612,48,45.76814133450139,24.419623302671923,2.05139436414075,62.9215943933421,13763,169.3877551020408,-65,-0.47,23.5,19489.428452318916,56.945722171113154,10.726518839012078,70.27733410773922,54.6250605037426,24.162825046645732,17.00648415827128,24.443416557161633,1.8243451598773541,39922770.46,39922770.46,0,18.09128630705394,50.33195020746888,39.087136929460584,16.348547717842322,240.4,Bassa (<300m),Medio (70-90km)
059010,Itri,LT,Lazio,12,41.304890029958905,13.527727420472548,176,101.1194,4,108.5,1.8,110.3,10488,208.596214511041,59.51330798479088,125,46.3941647597254,25.219298245614034,1.8497330282227307,62.690694126620905,10344,190.68666140489344,144,1.39,17.9,18396.439501039502,57.57345105799969,11.594202898550725,76.33808240277243,79.12345523744324,10.97808962458368,22.6747206331045,87.76077993897789,null,11620399.06,10861385.009999998,759014.0500000026,0.9765348913914149,0.8716958017245442,0.7739245158554399,0.9706450548932762,103.7,Bassa (<300m),Lontano (>90km)
059006,Cori,LT,Lazio,12,41.646563165055866,12.905895742140807,338,85.3113,3,44.3,3.4,47.7,10386,223.4375,55.945945945945944,150,46.507221259387634,24.783362218370883,1.7523589447332948,64.12478336221838,10482,198.03459119496856,-96,-0.92,25.4,18443.970788315328,59.47692770178866,10.717509025270758,66.5896843725943,84.83417752280631,10.437881812426975,55.60931157327172,18.10154053533603,null,26986107.139999997,27069474.26,-83367.12000000477,3.2824587079238974,68.72255906334937,68.55530002090738,2.9479406230399334,121.7,Media (300-600m),Molto vicino (<50km)
059025,San Felice Circeo,LT,Lazio,12,41.25348600661004,13.085454955802021,112,32.7296,5,87.3,1.1,88.4,10042,231.3473877176902,56.247082620196046,118,47.38886675960964,25.13443537143995,2.1310495917147976,64.00119498107946,10129,209.9476439790576,-87,-0.86,21.4,16861.040632367218,53.23664122137405,11.474993653211476,80.48804486864115,85.2637718109072,6.696582319828663,349.01533559051984,65.59632941645091,1.3292073292172875,16059101.2,19347530.03000001,-3288428.8300000094,1.6756538569018518,0.2939380453119987,0.24529336879909755,1.6394290977965,306.8,Bassa (<300m),Medio (70-90km)
059027,Sermoneta,LT,Lazio,12,41.541567669569815,12.96908426568424,241,44.9962,3,56.1,2.4,58.6,9937,123.91590013140605,52.19788635319345,41,43.027573714400724,18.979571299184865,2.3246452651705747,65.70393478917178,9977,106.49970184853906,-40,-0.4,17.4,22020.715357458077,62.70410499008088,8.260772493860237,49.278247884519665,85.16752480259917,8.838838546756211,7.8581755056858205,78.54538693770756,2.9176230250578645,8408378.52,9035415.599999998,-627037.0799999982,12.547709923664122,83.79452926208651,81.68734096692111,8.635496183206106,220.8,Bassa (<300m),Vicino (50-70km)
059029,Sonnino,LT,Lazio,12,41.40069926682241,13.2339248360096,411,63.8187,3,82.9,4.1,87,7426,171.14818449460256,59.25369933519194,90,45.11217344465392,23.48505251817937,2.437382170751414,62.79288984648532,7433,161.6425120772947,-7,-0.09,9.5,16949.092316855273,54.67068445975032,11.12666200139958,45.64540159826629,87.73369350955153,9.684299844957215,65.5609412873687,74.3501750605979,15.279332076488016,14246865.58,14246865.58,0,0.7477153143173636,41.66435890335087,41.60897258377181,0.027693159789531983,116.4,Media (300-600m),Medio (70-90km)
059026,Santi Cosma e Damiano,LT,Lazio,12,41.27995464623261,13.80193625672024,182,31.6104,4,128.8,1.8,130.6,6883,187.12984054669704,57.79458963778083,26,45.35929100682842,23.870405346505883,2.38268197007119,63.37352898445445,6813,165.0963597430407,70,1.03,22,18617.854472630173,54.641787606542266,11.755952380952381,63.97794864355143,85.07879502594938,4.370450389312656,125.44384570681389,182.58965712625306,null,7746160.490000001,9213206.559999999,-1467046.0699999975,10.361216730038022,77.3764258555133,77.32889733840304,6.986692015209124,217.7,Bassa (<300m),Lontano (>90km)
059015,Monte San Biagio,LT,Lazio,12,41.365895888948195,13.316843654071143,80,65.2194,3,90.6,0.8,91.4,6011,203.36473755047106,59.99467660367314,57,46.22408916985527,25.137248377973716,2.395608051904841,62.50207952087838,6159,174.94033412887828,-148,-2.4,28.4,16953.89244622311,54.83443708609271,11.006018916595012,47.21948009213557,59.75234620865142,6.390238735042186,14.277893861254366,58.54534852769921,10.520344368657462,16513630.03,16513630.03,0,1.2498244628563404,12.807190001404297,12.73697514394046,1.1936525768852693,92.2,Bassa (<300m),Lontano (>90km)
059021,Roccagorga,LT,Lazio,12,41.52704927806555,13.132043106340516,295,24.4927,1,67.3,3.0,70.3,4109,233.85300668151447,57.43295019157088,4,47.15697249939158,25.55366269165247,1.6549038695546363,63.51910440496471,4199,198.60279441117765,-90,-2.14,35.3,17750.515037593985,58.21684926331696,10.25043680838672,42.18600191754554,75.56544951950771,10.319711737382852,43.033655390605986,85.92180822584571,1.2168410805548795,4313815.090000002,3974151.6999999993,339663.39000000246,5.701754385964912,93.85964912280701,90.5701754385965,4.970760233918128,167.8,Bassa (<300m),Medio (70-90km)
059012,Lenola,LT,Lazio,12,41.4136423595784,13.464641422304263,448,45.2423,4,97.1,4.5,101.6,4088,248.00884955752213,62.54473161033797,45,47.214530332681015,27.421722113502934,1.9324853228962817,61.521526418786685,4075,214.69979296066253,13,0.32,33.3,18311.9265795976,58.18540433925049,9.342347879532882,66.94560669456067,58.80910341426579,22.031173494789336,160.59491682974559,77.94738502935421,40.21366438356164,5279471.48,5475460.950000001,-195989.47000000067,0.024709370734691958,2.3120911187461757,2.157951710829764,0.020002823928083967,90.4,Media (300-600m),Lontano (>90km)
059004,Castelforte,LT,Lazio,12,41.31065692366339,13.852328229271558,142,29.7045,4,130.6,1.4,132,4027,222.5609756097561,65.04098360655738,-9,47.04147007698038,27.19145766078967,2.1355848025825677,60.59101067792402,4172,214.42495126705654,-145,-3.48,8.1,19647.587450414714,56.733870967741936,9.980806142034549,50.688976377952756,85.27814669535331,6.467011304898396,13.913419418922274,70.9587856965483,null,6639820.159999999,7000286.44,-360466.2800000012,15.284128020901372,78.24951012410189,76.42064010450686,13.781841933376876,135.6,Bassa (<300m),Lontano (>90km)
059016,Norma,LT,Lazio,12,41.60141298437292,12.980136346732468,453,31.2215,3,52.3,4.5,56.8,3773,218.6206896551724,58.064516129032256,-21,46.552345613570104,25.2054068380599,2.2263450834879404,63.26530612244898,3708,203.41685649202734,65,1.75,15.2,18626.203731911653,57.82664941785253,11.015262110152621,48.03733186933846,86.49077998786888,8.44626383253226,62.6506201961304,20.88043996819507,9.210177577524517,9586408.52,9882501.260000002,-296092.7400000021,20.31316123571731,72.40795598815065,68.7261955141769,20.016927634363096,120.8,Media (300-600m),Vicino (50-70km)
059018,Ponza,LT,Lazio,12,40.91848815183161,12.957531175620506,13,10.2399,4,116,0.1,116.1,3294,247.3684210526316,61.470588235294116,6,47.20309653916211,27.10989678202793,1.8822100789313905,61.93078324225865,3301,202,-7,-0.21,45.4,16792.230412967965,48.1000481000481,16.24790619765494,122.57281553398059,87.28295653401739,1.259434966478214,44.327893139040675,6.510537340619307,86.95608378870674,9368007.660000002,10638347.4,-1270339.7399999984,0.35287198588512053,0.1895053257531203,0.1895053257531203,0.2809906554270404,321.7,Bassa (<300m),Lontano (>90km)
059030,Sperlonga,LT,Lazio,12,41.26826568636114,13.439729780480993,58,18.504,5,105.5,0.6,106.1,3009,321.7241379310345,68.47704367301232,7,50.233964772349616,31.006979062811563,1.429046194749086,59.35526753074111,3116,258.43373493975906,-107,-3.43,63.3,21110.257079646017,57.72532188841202,13.919999999999998,115.28412802090138,80.4345878585498,14.874349200173095,13.139428381522098,27.53165835825856,null,21726695.770000003,20713841.24000001,1012854.5299999937,50.352112676056336,17.077464788732392,9.330985915492958,39.7887323943662,162.6,Bassa (<300m),Lontano (>90km)
059013,Maenza,LT,Lazio,12,41.542786229924836,13.183068425337737,349,42.1331,1,69.6,3.5,73.1,2952,190.32258064516128,57.69230769230769,10,45.887533875338754,23.983739837398375,2.06639566395664,63.41463414634146,2996,164.81012658227849,-44,-1.47,25.5,16979.66189258312,54.65178096757044,11.986301369863012,47.651233524839476,78.2070853362758,7.214318953207652,116.0467852303523,121.85207317073171,null,3188891.900000001,3597907.4300000006,-409015.5299999998,34.22222222222222,64.88888888888889,63.111111111111114,30.66666666666667,70.1,Media (300-600m),Medio (70-90km)
059031,Spigno Saturnia,LT,Lazio,12,41.31739504776759,13.701885766675161,46,38.7401,4,119.5,0.5,120,2846,221.11436950146629,62.535693889206165,4,46.28109627547435,26.49332396345748,1.7217146872803937,61.52494729444835,2851,174.25,-5,-0.18,46.9,17943.99591002045,56.16045845272206,12.966252220248666,94.12176347095871,89.84438026710718,4.8013191339098125,45.18639494026704,239.6266198172874,null,3436085.1700000004,3612021.6700000004,-175936.5,0.056472736885108024,0,0,0.036046427799005125,73.5,Bassa (<300m),Lontano (>90km)
059002,Bassiano,LT,Lazio,12,41.55045249977077,13.031840720426873,580,32.4002,3,59.2,5.8,65,1423,286.1111111111111,64.12918108419838,16,49.08854532677442,28.952916373858045,1.4757554462403373,60.92761770906535,1439,307.3529411764706,-16,-1.11,-21.2,18376.710064635274,59.09604519774011,11.952861952861953,49.96530187369882,89.8700448245098,9.168719820325776,0,50.597329585382994,null,1616757.51,1457081.2100000004,159676.29999999958,8.333333333333332,89.88095238095238,64.53373015873017,8.234126984126984,43.9,Media (300-600m),Vicino (50-70km)
059020,Prossedi,LT,Lazio,12,41.4973365225026,13.257878306310651,212,35.3661,3,77.6,2.1,79.8,1140,227.85714285714286,67.40088105726872,-17,47.473684210526315,27.982456140350877,2.543859649122807,59.73684210526316,1167,211.72413793103448,-27,-2.31,16.1,16046.535108958838,55.86510263929618,12.614678899082568,54.43371378402107,78.66504303159904,null,0,34.55637719298245,null,2773865.2,3100289.0599999996,-326423.8599999994,13.347022587268995,78.2340862422998,77.82340862422997,7.802874743326488,32.2,Bassa (<300m),Medio (70-90km)
059022,Rocca Massima,LT,Lazio,12,41.69327687478851,12.917982349404722,747,18.1656,3,42,7.5,49.5,1111,207.63358778625954,56.92090395480226,25,46.43384338433843,24.482448244824482,2.8802880288028803,63.72637263726373,1088,245.94594594594594,23,2.11,-38.3,17607.67607361963,61.63793103448276,10.438413361169102,54.562558795860774,92.9966022185588,0.8023148131581193,330.13128712871287,2.903330333033303,null,1982362.2,1758309.49,224052.70999999996,82.82828282828282,3.0303030303030303,1.0101010101010102,79.7979797979798,61.2,Alta (>600m),Molto vicino (<50km)
059023,Roccasecca dei Volsci,LT,Lazio,12,41.464066978435156,13.226763346761897,380,23.5035,3,77.8,3.8,81.6,1035,246.36363636363637,58.25688073394495,31,47.45217391304348,26.183574879227052,2.318840579710145,63.18840579710145,1057,242.47787610619469,-22,-2.08,3.9,17132.750337381916,57.48502994011976,8.788598574821853,40.991420400381315,69.97312137299966,26.66556130372344,0,57.795951690821255,null,3197438.31,3197438.31,0,0.5725190839694656,90.07633587786259,90.0763358778626,0,44,Media (300-600m),Medio (70-90km)
059033,Ventotene,LT,Lazio,12,40.7924091078614,13.42882598768685,23,1.8307,4,146,0.2,146.2,687,307.0175438596491,50.989010989010985,3,48.66375545851528,25.47307132459971,1.0189228529839884,66.22998544395924,736,293.6507936507937,-49,-6.66,13.4,18733.48355263158,53.04347826086957,14.084507042253522,137.7840909090909,56.78769615034337,26.67686187945526,401.73192139737995,121.98606986899563,null,3580763.8800000004,5493584.47,-1912820.5899999994,0.0416181122024305,0.7740968869652073,0.6991842850008325,0.024970867321458298,375.3,Bassa (<300m),Lontano (>90km)
059003,Campodimele,LT,Lazio,12,41.38973813524128,13.530233730503332,634,38.3827,4,103.1,6.3,109.5,557,372.9166666666667,68.78787878787878,-8,51.66247755834829,32.13644524236984,2.872531418312388,59.245960502692995,587,363.04347826086956,-30,-5.11,9.9,16161.157534246575,60.298507462686565,11.403508771929824,46.09929078014184,85.21279146552487,5.993193300955571,2.956912028725314,128.10745062836625,81.95091561938959,1431422.1299999994,1629810.2100000002,-198388.08000000077,0.0036008353938113643,0.4993158412751758,0.498115562810572,0,14.5,Alta (>600m),Lontano (>90km)
057059,Rieti,RI,Lazio,12,42.4055570764741,12.850554360824548,409,206.455,1,63.1,4.1,67.2,45083,254.8038176033934,59.00049375749453,85,47.737240201406294,26.648625867843755,1.6724707761240378,62.89288645387396,45907,228.67160109076744,-824,-1.79,26.1,24667.041027630243,64.02867634201783,9.18605227915282,92.55426885650125,79.91076742857884,14.68330674899178,237.07996140452056,50.855061331322226,46.90161790475346,93951750.53999999,105729340.96000001,-11777590.420000017,12.783964365256125,32.55233853006681,26.48552338530067,8.610244988864142,218.4,Media (300-600m),Vicino (50-70km)
057027,Fara in Sabina,RI,Lazio,12,42.18635155380844,12.696941916630818,493,54.9624,3,35.6,4.9,40.5,13885,184.74275576581906,53.08710033076075,128,45.26035289881167,22.49909974792942,1.9229384227583726,65.32229024126755,13738,157.8918918918919,147,1.07,26.9,20881.374372384937,62.47917360879707,9.85576923076923,66.27595687721583,79.81979521563447,11.710185738369107,79.60413827871804,413.12716528628016,10.072614332012964,34087282.91000001,35382242.77,-1294959.859999992,35.684987694831825,62.961443806398684,61.89499589827727,5.701394585726004,252.6,Media (300-600m),Molto vicino (<50km)
057016,Cittaducale,RI,Lazio,12,42.38706363317768,12.966955189128779,486,71.2532,1,66.4,4.9,71.2,6397,265.6580937972769,60.7286432160804,40,48.119899953103015,27.45036735969986,1.7977176801625763,62.21666406127873,6503,240.30470914127423,-106,-1.63,25.4,22811.506501811982,63.45672836418209,9.13323782234957,65.96306068601584,83.55457789076429,8.29637639670704,24.476921994685007,46.81454588088167,27.792988901047366,13617164.139999997,13457128.61,160035.52999999747,14.775945360653006,84.65767116441779,7.0964517741129445,9.545227386306847,89.8,Media (300-600m),Medio (70-90km)
057053,Poggio Mirteto,RI,Lazio,12,42.263406602897824,12.670620577671484,250,26.3948,3,42.6,2.5,45.1,6065,227.5297619047619,56.96169772256729,54,47.00906842539159,25.21022258862325,1.6158285243198682,63.70981038746909,6152,188.42105263157896,-87,-1.41,39.1,21302.03826955075,61.3265306122449,10.63197026022305,84.3923101987618,63.32170139393355,9.745452642031507,23.816471558120362,64.05639901071723,84.91758944765046,10108628.05,10214748.339999998,-106120.28999999724,9.639564124057,83.15171835708298,77.45180217937973,4.358759430008383,229.8,Bassa (<300m),Molto vicino (<50km)
057007,Borgorose,RI,Lazio,12,42.19205063840283,13.262322908368002,718,145.8042,1,71,7.2,78.1,4213,244.206008583691,61.47949405902645,35,47.93876097792547,27.011630666983148,2.0650367908853546,61.927367671492995,4260,216.90721649484536,-47,-1.1,27.3,18823.946613279946,59.0195327460743,11.487650775416428,54.399243140965,87.75365172601582,6.515777713182757,69.5596510799905,95.29525278898647,12.73651554711607,5156268.73,4659590.1,496678.6300000008,0.17994838629438467,1.4302593122318263,1.0758037435482868,0.1772277843417698,28.9,Alta (>600m),Medio (70-90km)
057044,Montopoli di Sabina,RI,Lazio,12,42.22537108318918,12.666971979215303,321,37.9405,3,38.5,3.2,41.7,4098,223.7991266375546,56.7112810707457,31,46.74060517325525,25.012201073694484,1.586139580283065,63.81161542215715,4081,188.78143133462282,17,0.42,35,21416.52318584071,61.3116026387272,10.734463276836157,60.73965221650747,78.1500362180653,17.945408700738724,16.903101512933134,0.7986334797462177,6.293147877013177,3698254.96,3688417.8599999994,9837.100000000559,1.7481044650379105,31.866048862679026,31.760741364785172,1.4321819713563606,108,Media (300-600m),Molto vicino (<50km)
057025,Contigliano,RI,Lazio,12,42.41838660419511,12.761672764155179,431,53.5447,1,61.4,4.3,65.7,3670,202.87610619469027,59.49587136027814,11,46.516621253405994,24.986376021798364,2.016348773841962,62.6975476839237,3772,179.1015625,-102,-2.7,23.8,22306.084650112865,64.85191637630662,8.929663608562691,54.10549211528004,70.74653627144141,9.83790278145365,145.28192370572208,170.14981198910084,null,9356295.98,9356295.979999999,1.862645149230957e-9,2.3131306198091837,7.481639096712198,7.220811311689203,2.155261170979477,68.5,Media (300-600m),Vicino (50-70km)
057035,Magliano Sabina,RI,Lazio,12,42.3591797319618,12.48778515749922,231,43.1623,3,50.8,2.3,53.1,3452,282.33618233618233,63.60189573459716,29,48.74623406720742,28.707995365005797,1.6801853997682505,61.12398609501738,3527,248.25,-75,-2.13,34.1,20077.10605427975,59.66981132075472,10.915492957746478,87.71420273017718,81.6280158920155,4.929172703297839,0,null,16.064513325608342,5955521.460000001,6316090.849999999,-360569.3899999978,20.32258064516129,79.03225806451613,76.93548387096774,19.67741935483871,80,Bassa (<300m),Vicino (50-70km)
057064,Scandriglia,RI,Lazio,12,42.15642204767893,12.858915214616397,531,63.3944,1,41.1,5.3,46.4,3278,196.94656488549617,55.28185693983894,102,45.951189749847465,23.61195851128737,2.1964612568639414,64.39902379499695,3138,205.9299191374663,140,4.46,-9,17871.041366906476,58.46153846153847,12.580877066858376,46.61280298321939,78.7273874853522,7.093743591223174,0,76.5099206833435,null,6831315.819999999,6978465.48,-147149.66000000108,0.11400651465798045,0.7003257328990228,0.5600100225507392,0.07767476822851416,51.7,Media (300-600m),Molto vicino (<50km)
057029,Forano,RI,Lazio,12,42.28377083832358,12.605492084299918,221,17.6853,3,43.3,2.2,45.5,3268,235.14376996805112,47.273546642631814,-30,45.18727050183598,22.52141982864137,1.8053855569155446,67.90085679314566,3024,194.4289693593315,244,8.07,40.7,18755.877712031557,52.771415483279895,14.476614699331849,61.98347107438016,84.98692583316316,7.668576930058911,8.461162790697674,79.75146266829864,0.9887362301101591,2818412.5500000003,2785152.7699999996,33259.78000000073,81.60919540229885,18.199233716475096,18.199233716475096,76.62835249042146,184.8,Bassa (<300m),Molto vicino (<50km)
057054,Poggio Moiano,RI,Lazio,12,42.19702768631803,12.883416446838998,493,26.9469,3,45.7,4.9,50.7,2811,241.86851211072664,54.1963795940757,5,46.554606901458556,24.86659551760939,2.0277481323372464,64.85236570615439,2763,208.06451612903226,48,1.74,33.8,19660.931597753955,60.47149122807017,10.760517799352751,87.01804032543332,88.79193278481523,2.152882004707258,13.54302739238705,204.19621842760583,0.5144859480611882,4958277.020000001,5105447.8500000015,-147170.83000000007,0.49966272765883024,0.5171509231268894,0.49591525720138907,0.4172183775951233,104.3,Media (300-600m),Vicino (50-70km)
057055,Poggio Nativo,RI,Lazio,12,42.213086547453116,12.787254179959836,419,16.4555,3,42,4.2,46.2,2557,217.89473684210526,54.875832828588734,32,46.62416894798592,24.28627297614392,1.994524833789597,64.56785295267892,2513,205.15463917525773,44,1.75,12.7,20135.401001112346,60.89285714285714,9.94718309859155,43.25994592506759,80.73884385273278,8.920068883609744,59.924998044583496,218.345803676183,null,3640763.59,3489228.1799999992,151535.41000000061,48.771929824561404,49.473684210526315,49.47368421052632,44.91228070175438,155.4,Media (300-600m),Molto vicino (<50km)
057009,Cantalice,RI,Lazio,12,42.479684617476806,12.92435701261747,613,37.624,1,73.2,6.1,79.3,2414,246.3235294117647,63.994565217391305,-12,48.30488815244408,27.75476387738194,1.739850869925435,60.97763048881525,2481,251.5267175572519,-67,-2.7,-5.2,20490.71485260771,63.30213903743316,10.406811731315042,54.241435562805876,74.43875033148854,11.230478656339777,305.0503024026512,114.19538525269262,null,4192547.1500000004,4409478.21,-216931.0599999996,0.3113109650639917,8.363887928052577,0.4842615012106537,0.2974749221722587,64.2,Alta (>600m),Medio (70-90km)
057003,Antrodoco,RI,Lazio,12,42.39907577723866,13.124480336599815,487,63.9043,1,75.7,4.9,80.5,2258,376.4397905759162,67.50741839762611,7,50.139946855624444,31.842338352524358,1.550044286979628,59.69884853852967,2371,279.5081967213115,-113,-4.77,96.9,21737.77605066206,62.033650329188006,10.92436974789916,71.15302186026575,40.768392692183454,41.98837910503084,110.97639946855624,68.61768821966342,241.36730735163863,4619887.130000001,5206868.880000001,-586981.75,3.7320281431630473,95.45732639951055,0.7953502600183543,3.3343530131538706,35.3,Media (300-600m),Medio (70-90km)
057066,Stimigliano,RI,Lazio,12,42.295994166905665,12.56230160119197,183,11.3838,3,44.1,1.8,45.9,2211,188.12260536398466,51.54215215901302,10,45.304387155133426,22.2071460877431,2.125734961555857,65.98824061510629,2211,160.55363321799308,0,0,27.6,17427.22131147541,60.564349621472815,11.468812877263582,54.004576659038904,64.40711201915614,21.365025449699925,0,null,null,3414053.6600000006,3762416.6499999994,-348362.9899999988,91.54929577464789,7.511737089201878,2.816901408450704,86.85446009389672,194.2,Bassa (<300m),Molto vicino (<50km)
057002,Amatrice,RI,Lazio,12,42.62621667783727,13.292544823186091,952,174.3849,1,103.7,9.5,113.3,2181,365.1741293532338,75.04012841091493,-12,51.579550664832645,33.65428702430078,1.6047684548372305,57.12975699220541,2320,333.1818181818182,-139,-5.99,32,19001.068633353403,66.32572777340677,9.35483870967742,118.22222222222223,41.75418131664716,1.7655180643854522,0,34.819436038514446,4.507381934892251,11284841.86,12303131.080000002,-1018289.2200000025,0.1391138637446403,1.6218834365570909,1.194537081149754,0.13641416547562332,12.5,Alta (>600m),Lontano (>90km)
057033,Leonessa,RI,Lazio,12,42.56811821492124,13.000344910871778,976,204.0155,1,84.8,9.8,94.6,2051,490.2097902097902,69.92543496271747,-13,52.40809361287177,34.178449536811314,0.9263773768893223,58.849341784495365,2141,424.22360248447205,-90,-4.2,66,20465.251889168765,61.70555108608205,11.020881670533642,101.187648456057,57.944976750756084,11.693957491857027,354.59868844466115,167.01717211116528,15.918030229156509,7611790.58,9301226.07,-1689435.4900000002,15.052135889673728,84.86377396569122,7.416750756811302,14.648503195425496,10.1,Alta (>600m),Lontano (>90km)
057051,Poggio Bustone,RI,Lazio,12,42.504020431958494,12.889391903027592,754,22.3815,1,74.3,7.5,81.8,1971,261.9718309859155,64.25,10,48.951801116184676,28.31050228310502,2.0294266869609334,60.882800608828006,1986,268.5,-15,-0.76,-6.5,18508.26944837341,57.190357439733994,13.350125944584383,55.186509964230964,75.65152324367178,18.732553144355578,39.61158295281582,257.7535159817352,null,2735963.5800000005,3377838.64,-641875.0599999996,0.8840420726592243,14.42859908369362,0.7614376976188939,0.8259663160611731,88.1,Alta (>600m),Medio (70-90km)
057049,Pescorocchiano,RI,Lazio,12,42.21427290397474,13.142055191491686,814,94.7728,1,63.6,8.1,71.7,1806,458.2191780821918,82.2401614530777,17,53.02879291251384,37.04318936877076,0.8305647840531563,54.87264673311185,1925,398.2142857142857,-119,-6.18,60,18623.941005098324,59.2482690405539,9.104704097116842,48.7152034261242,91.1264239783181,5.077190735891812,74.43456810631228,56.610642303433,null,3835160.58,2996905.689999999,838254.8900000011,19.018404907975462,80.59118795315115,35.30395984383714,18.739542665923032,19.1,Alta (>600m),Medio (70-90km)
057010,Cantalupo in Sabina,RI,Lazio,12,42.30272508591338,12.641240501024042,295,10.6212,3,46,3.0,49,1657,261.6279069767442,60.09661835748792,7,48.1901025950513,27.157513578756788,2.2933011466505735,62.462281231140615,1634,262.65060240963857,23,1.41,-1,17610.06543624161,60.7074569789675,11.805555555555555,64.41902468392534,74.05795143831007,15.413645244248322,67.20925165962582,10.171007845503922,null,2067415.82,2285282.6500000004,-217866.8300000003,52,47.66666666666667,47.666666666666664,48.333333333333336,156,Bassa (<300m),Molto vicino (<50km)
057021,Collevecchio,RI,Lazio,12,42.3248091809154,12.531645339673457,241,26.9475,3,47,2.4,49.4,1611,350.7692307692308,57.170731707317074,-26,49.19366852886406,28.305400372439475,2.4829298572315333,63.625077591558046,1507,303.54609929078015,104,6.9,47.2,19037.179555555555,58.29195630585898,13.676470588235295,59.49367088607595,83.40817472825125,9.49551219363495,5.305878336436996,10.297157045313469,17.877094972067038,3535488.87,3837017.49,-301528.6200000001,11.042944785276074,88.95705521472392,87.73006134969324,10.920245398773005,59.8,Bassa (<300m),Molto vicino (<50km)
057031,Greccio,RI,Lazio,12,42.45001310758033,12.754746892988246,396,17.8535,1,64.5,4.0,68.4,1459,313.1578947368421,75.57160048134777,0,50.67511994516792,32.62508567511995,1.5764222069910898,56.95681973954764,1492,291.41104294478527,-33,-2.21,21.7,20744.627180899908,65.43504171632897,10,58.666666666666664,89.07012050859268,2.269878483487264,0,13.509897189856066,40.73868403015764,2755769.3200000003,2988382.8099999996,-232613.4899999993,45.6953642384106,52.64900662251656,15.894039735099339,38.41059602649007,81.7,Media (300-600m),Vicino (50-70km)
057067,Tarano,RI,Lazio,12,42.33839520036843,12.583941408738509,232,19.9797,3,49,2.3,51.3,1375,323.52941176470586,57.86452353616533,11,48.813818181818185,28.000000000000004,1.2363636363636363,63.34545454545455,1382,245.27027027027026,-7,-0.51,78.3,18079.168205128204,58.809801633605595,9.18918918918919,75.70295602018746,95.27070916989065,3.5446460937898805,0,1.9327999999999999,null,2435449.5999999996,2538982.39,-103532.7900000005,3.292181069958848,96.57064471879286,96.57064471879283,2.5377229080932784,68.8,Bassa (<300m),Vicino (50-70km)
057052,Poggio Catino,RI,Lazio,12,42.29281745869529,12.684983202588574,387,14.9813,3,46.1,3.9,49.9,1307,226.92307692307693,63.98996235884567,3,47.324407039020656,27.0849273144606,1.8362662586074983,60.97934200459066,1240,210.06289308176102,67,5.4,16.9,22580.667828106853,57.86082474226804,11.787819253438114,38.64353312302839,100,null,23.818423871461363,32.20499617444529,null,1245438.3699999996,1117505.71,127932.65999999968,12.658227848101266,41.77215189873418,37.9746835443038,8.860759493670885,87.2,Media (300-600m),Molto vicino (<50km)
057069,Torricella in Sabina,RI,Lazio,12,42.27375755560696,12.870148178499837,603,25.7914,3,51.5,6.0,57.5,1290,320.3252032520325,66.88227684346701,5,50.174418604651166,30.54263565891473,2.0930232558139537,59.92248062015504,1364,319.65811965811963,-74,-5.43,0.7,18807.953795379537,59.411011523687584,10.424710424710424,45.34792806880375,100,null,179.8105581395349,1.4489147286821704,0.2061705426356589,2511235.05,3217336.73,-706101.6800000002,15.304347826086955,84.34782608695653,84,14.956521739130435,50,Alta (>600m),Vicino (50-70km)
057070,Torri in Sabina,RI,Lazio,12,42.36077588468253,12.627940074180303,270,26.3048,3,52.1,2.7,54.8,1216,331.85840707964604,67.03296703296704,0,50.217927631578945,30.838815789473685,1.4802631578947367,59.86842105263158,1196,309.91735537190084,20,1.67,21.9,20496.967816091954,59.481582537517056,12.625250501002002,64.51612903225806,80.17646366948033,12.924685457041976,0.8982730263157894,157.3881414473684,0.1805921052631579,2553996.17,2288254.5799999996,265741.5900000003,15.705128205128204,84.2948717948718,84.29487179487181,12.820512820512823,46.2,Bassa (<300m),Vicino (50-70km)
057012,Casperia,RI,Lazio,12,42.34549253803479,12.684452761361035,386,25.3087,3,51.6,3.9,55.5,1197,275.78125,67.17877094972067,30,49.35171261487051,29.490392648287383,1.7543859649122806,59.81620718462823,1210,253.38345864661653,-13,-1.07,22.4,21038.910256410258,59.02777777777778,11.825726141078837,67.51054852320675,96.35634261953253,1.151691215304048,344.91847117794487,45.351971595655804,73.03842105263158,2174924.82,1959299.08,215625.73999999976,35.714285714285715,62.5,53.57142857142857,25,47.3,Media (300-600m),Vicino (50-70km)
057015,Castel Sant'Angelo,RI,Lazio,12,42.398222326176054,13.018317285707075,441,31.2697,1,69.9,4.4,74.3,1182,345.7142857142857,65.54621848739495,-13,49.85194585448392,30.710659898477154,1.6074450084602367,60.40609137055838,1209,318.8034188034188,-27,-2.23,26.9,19697.223255813955,58.921161825726145,11.983471074380166,55.55555555555556,56.99584952715805,35.1010513749515,307.3502538071066,66.82501692047377,26.22115905245347,2332686.1200000006,2851703.9000000004,-519017.7799999998,4.35978835978836,95.51322751322752,4.042328042328043,3.788359788359788,37.8,Media (300-600m),Medio (70-90km)
057028,Fiamignano,RI,Lazio,12,42.2997108193705,13.157390965316633,982,100.618,1,70.2,9.8,80,1162,564.1025641025641,80.43478260869566,2,54.32185886402754,37.8657487091222,1.1187607573149743,55.42168674698795,1215,553.0864197530864,-53,-4.36,11,18960.03863134658,62.78713629402757,12.205567451820128,42.821158690176325,89.52391703766996,7.822360082322935,171.4602065404475,null,null,3906076.3600000003,3906076.360000001,-4.656612873077393e-10,3.289633406166545,96.64967225054625,5.1226025734401555,3.2289390628793395,11.5,Alta (>600m),Medio (70-90km)
057065,Selci,RI,Lazio,12,42.313426233250226,12.618828000157393,195,7.7281,3,46.8,2.0,48.7,1135,279.3103448275862,63.30935251798561,-1,48.60969162995595,28.54625550660793,1.145374449339207,61.23348017621145,1081,247.15447154471545,54,5,32.2,17254.735332464144,56.67613636363637,10.135135135135135,64.63195691202873,88.80937139296708,8.808936476312288,35.16259911894274,null,1.0748898678414096,990853.3500000001,1171947.2099999997,-181093.85999999964,9.95475113122172,89.59276018099548,89.59276018099547,9.049773755656108,146.9,Bassa (<300m),Molto vicino (<50km)
057041,Monteleone Sabino,RI,Lazio,12,42.22493930828503,12.868632027159409,494,19.0398,3,47.2,4.9,52.1,1124,335.5769230769231,67.51117734724292,14,50.29003558718861,31.049822064056944,1.2455516014234875,59.69750889679716,1184,279.03225806451616,-60,-5.07,56.5,20630.078048780488,58.092485549132945,13.174946004319654,47.578589634664404,93.62289703658222,4.132367528879746,75.60262455516015,0.4270284697508897,0.3244661921708185,1234324.2000000004,1706200.4500000002,-471876.24999999977,10.185185185185185,89.81481481481481,89.81481481481482,7.4074074074074066,59,Media (300-600m),Vicino (50-70km)
057060,Rivodutri,RI,Lazio,12,42.52160805540552,12.86686887127435,568,26.7898,1,75.3,5.7,80.9,1123,302.7522935779817,64.18128654970761,7,49.30721282279608,29.385574354407833,1.9590382902938557,60.90828138913624,1138,283.62068965517244,-15,-1.32,19.1,18987.130806845966,60.113154172560115,10.90146750524109,45.060658578856156,75.18681995961127,10.256365403581045,110.07611754229741,3.991157613535173,393.16496883348174,2093342.2999999998,2899075.8199999994,-805733.5199999996,0.12699685849876347,12.672949669139763,1.2298643138827619,0.12699685849876347,41.9,Media (300-600m),Medio (70-90km)
057068,Toffia,RI,Lazio,12,42.205798826795494,12.759539791258762,286,11.3292,3,40.1,2.9,42.9,1070,233.63636363636363,52.204836415362735,-16,46.71682242990654,24.018691588785046,2.5233644859813085,65.70093457943925,1057,200.82644628099175,13,1.23,32.8,17560.168044077134,56.98005698005698,12.663755458515283,50.185873605947954,87.44857645504389,5.691672803435727,7.841271028037383,67.08052336448598,null,1633935.65,1340322.5999999996,293613.0500000003,15.789473684210526,83.45864661654136,83.0827067669173,12.030075187969924,94.4,Bassa (<300m),Molto vicino (<50km)
057050,Petrella Salto,RI,Lazio,12,42.30808152842958,13.063010998748211,776,102.9304,1,64.9,7.8,72.7,1026,484.2105263157895,76.28865979381443,-1,52.96783625730994,35.86744639376218,1.1695906432748537,56.72514619883041,1055,456,-29,-2.75,28.2,20072.732903225806,62.121212121212125,10.653753026634384,64.73429951690821,85.88739359657967,7.704483094210662,122.39558479532164,286.4451656920078,42.36099415204678,2427260.8299999996,2237852.989999999,189407.84000000078,2.214897824653922,97.74555042847726,8.002636783124588,2.135794330916282,10,Alta (>600m),Medio (70-90km)
057014,Castelnuovo di Farfa,RI,Lazio,12,42.23315463158504,12.731418090927567,353,8.8422,3,41.5,3.5,45.1,983,307.07070707070704,69.48275862068965,9,49.49847405900305,30.925737538148525,2.034587995930824,59.0030518819939,994,302.0408163265306,-11,-1.11,5,19209.01620029455,55.51782682512734,13.031914893617023,48.338368580060425,90.15767437567874,6.960972826493272,31.378036622583927,14.841709053916581,5.076297049847406,1432945.39,1898248.4500000002,-465303.0600000003,0.2557544757033248,99.61636828644501,90.153452685422,0,111.2,Media (300-600m),Molto vicino (<50km)
057008,Borgo Velino,RI,Lazio,12,42.403134613490764,13.05494520899766,464,18.2929,1,72.2,4.6,76.9,903,352.63157894736844,61.53846153846154,3,49.44186046511628,29.67884828349945,1.4396456256921373,61.904761904761905,934,305.6179775280899,-31,-3.32,47,22204.681481481482,64.19753086419753,9.45273631840796,71.35135135135135,63.01640531132663,27.230432758377333,142.3892469545958,47.80097452934662,6.053698781838317,2885455.5100000002,2835631.21,49824.30000000028,2.6000406256347754,97.37964655697745,0.1421897217144018,1.5843997562461916,49.4,Media (300-600m),Medio (70-90km)
057040,Montebuono,RI,Lazio,12,42.37394895759868,12.575261486722585,322,19.6814,3,52.8,3.2,56,837,382.60869565217394,66.07142857142857,20,51.07646356033453,31.54121863799283,1.5531660692951015,60.215053763440864,872,331.25,-35,-4.01,51.4,19466.563636363637,60.125260960334025,12.195121951219512,81.3810110974106,87.98812897106973,8.502852923804795,79.03708482676224,36.22270011947432,6.39778972520908,1045174.6400000001,1248403.98,-203229.33999999985,0.06341154090044387,99.77805960684844,99.77805960684844,0,42.5,Media (300-600m),Vicino (50-70km)
057062,Rocca Sinibalda,RI,Lazio,12,42.26156867263733,12.946430564625986,568,49.5551,1,54.5,5.7,60.2,801,520.7547169811321,69.70338983050847,7,52.920099875156055,34.45692883895131,0.8739076154806492,58.92634207240949,783,440.6779661016949,18,2.3,80.1,20184.89279731993,60.256410256410255,11.875,55.90851334180432,78.86039810129152,4.618660805890835,21.728913857677902,159.02621722846442,247.02621722846442,3943528.2400000007,3533882.3499999996,409645.89000000106,6.052801030264005,93.75402446877013,93.68963296844814,5.730843528654217,16.2,Media (300-600m),Vicino (50-70km)
057030,Frasso Sabino,RI,Lazio,12,42.22292589698118,12.814467837703155,418,4.3898,3,44.2,4.2,48.4,734,201.21951219512195,50.718685831622174,-1,46.246594005449595,22.479564032697546,1.226158038147139,66.34877384196184,727,159.13978494623655,7,0.96,42.1,18754.520161290322,58.05168986083499,10.975609756097562,62.583222370173104,85.21957672046655,13.777460372335524,263.6210354223433,105.03226158038146,null,2451452.31,2472713.1300000004,-21260.820000000298,62.76595744680851,36.702127659574465,36.17021276595745,43.08510638297872,167.2,Media (300-600m),Molto vicino (<50km)
057011,Casaprota,RI,Lazio,12,42.2481602400801,12.807995823365204,521,14.5461,3,46.2,5.2,51.4,675,451.1111111111111,58.07962529274005,11,51.64740740740741,30.074074074074076,0.4444444444444444,63.25925925925926,699,303.030303030303,-24,-3.43,148.1,20961.35403726708,55.19630484988453,13.090909090909092,30.523255813953487,89.96211246360306,7.160950358932307,2.8195555555555556,51.12632592592592,null,3405480.9299999997,3309885.499999999,95595.43000000063,1.3888888888888888,66.66666666666666,66.66666666666667,0,46.4,Media (300-600m),Vicino (50-70km)
057043,Monte San Giovanni in Sabina,RI,Lazio,12,42.3154002678184,12.77434180519182,709,30.757,1,51.3,7.1,58.4,664,387.037037037037,65.5860349127182,7,51.022590361445786,31.475903614457827,1.355421686746988,60.391566265060234,648,332.8125,16,2.47,54.2,19019.954365079364,64.12213740458014,10.320284697508896,46.58385093167702,86.6435606214909,9.403544189738037,117.51950301204819,null,628.4468975903615,2135298.7300000004,2253571.04,-118272.30999999959,0,95.23809523809523,3.571428571428571,0,21.6,Alta (>600m),Vicino (50-70km)
057005,Belmonte in Sabina,RI,Lazio,12,42.324841535847405,12.880941615712043,754,23.6446,1,56.6,7.5,64.2,633,318.64406779661016,63.98963730569948,21,49.7740916271722,29.6998420221169,0.7898894154818324,60.97946287519748,637,229.48717948717947,-4,-0.63,89.2,18050.563192904658,59.84455958549223,8.695652173913043,53.96825396825397,83.51114464727057,11.276023000272676,338.24091627172197,306.9873933649289,null,1559780.3599999999,1193316.3499999999,366464.01,7.377706495589415,92.542101042502,92.542101042502,6.5757818765036085,26.8,Alta (>600m),Vicino (50-70km)
057006,Borbona,RI,Lazio,12,42.49342859819153,13.134882453666679,755,47.9481,1,84.1,7.6,91.7,577,413.72549019607845,83.17460317460318,1,53.33275563258232,36.56845753899481,1.559792027729636,54.59272097053726,589,427.0833333333333,-12,-2.04,-13.4,18443.612903225807,63.74999999999999,10.13215859030837,87.26003490401396,55.440396755716804,23.64869331352793,0,null,null,2986250.3400000003,3191774.189999999,-205523.8499999987,78.52760736196319,17.791411042944784,5.828220858895705,77.91411042944786,12,Alta (>600m),Lontano (>90km)
057024,Configni,RI,Lazio,12,42.43213259641457,12.636928061175135,556,22.926,3,60,5.6,65.5,567,552.7777777777778,70.78313253012048,-4,52.41269841269841,35.09700176366843,0.1763668430335097,58.553791887125215,583,388,-16,-2.74,164.8,18246.877358490565,63.30275229357798,10.38961038961039,55.846422338568935,53.451327591552364,42.77200183975769,735.0818165784833,null,101.30509700176367,1529249.8099999998,1671405.1699999995,-142155.35999999964,3.4482758620689653,93.10344827586206,91.37931034482759,0,24.7,Media (300-600m),Vicino (50-70km)
057056,Poggio San Lorenzo,RI,Lazio,12,42.25068180289383,12.844847631730314,498,8.6696,3,48.2,5.0,53.2,553,300,76.6773162939297,14,49.90958408679928,32.5497287522604,1.9891500904159132,56.6003616636528,522,277.35849056603774,31,5.94,22.6,19343.01259445844,61.18012422360248,10.454545454545453,69.59706959706959,81.75504917499103,2.9703094168846986,352.66524412296565,54.39775768535262,null,1542532.6199999999,1548099.6599999997,-5567.039999999804,4.444444444444445,91.11111111111111,91.11111111111111,0,63.8,Media (300-600m),Vicino (50-70km)
057057,Posta,RI,Lazio,12,42.517142761572906,13.081129258597308,716,66.0132,1,83.6,7.2,90.7,535,438.46153846153845,64.61538461538461,-10,51.68971962616823,31.962616822429908,1.6822429906542056,60.747663551401864,589,451.219512195122,-54,-9.17,-12.8,17656.35135135135,64.26426426426426,8.547008547008547,112.5,73.71192391423364,23.078388477217437,0,433.9931588785047,null,2951749.1900000004,3047561.09,-95811.89999999944,48.87218045112782,40.852130325814535,8.521303258145362,44.86215538847117,8.1,Alta (>600m),Lontano (>90km)
057026,Cottanello,RI,Lazio,12,42.42094957340398,12.697555752069137,548,36.6914,1,60,5.5,65.4,529,256.06060606060606,79.93197278911565,-5,49.87334593572779,31.947069943289225,2.835538752362949,55.576559546313796,531,288.135593220339,-2,-0.38,-32.1,18336.127320954907,63.366336633663366,9.859154929577464,72.10626185958255,86.45105396071152,8.759206714798326,28.400189035916824,145.06727788279773,null,1854287.28,1875471.5299999998,-21184.249999999767,15.384615384615385,84.61538461538461,11.794871794871794,15.384615384615385,14.4,Media (300-600m),Vicino (50-70km)
057061,Roccantica,RI,Lazio,12,42.32144769129072,12.700849851641,427,16.7231,3,49.5,4.3,53.8,526,285,78.30508474576271,16,50.393536121673,32.50950570342205,2.2813688212927756,56.083650190114064,552,298.3333333333333,-26,-4.71,-13.3,19878.46233766234,61.61290322580645,10.328638497652582,53.30882352941177,88.45111005842584,11.005812039930515,133.81937262357417,29.126920152091255,185.65775665399238,2962776.4899999998,3206633.4699999997,-243856.97999999998,16.304347826086957,83.69565217391305,0,16.304347826086957,31.5,Media (300-600m),Vicino (50-70km)
057038,Mompeo,RI,Lazio,12,42.258601783213116,12.77112090760937,456,10.8922,3,45.6,4.6,50.2,519,443.9024390243902,75.33783783783784,-6,53.127167630057805,35.067437379576106,1.5414258188824663,57.03275529865125,494,426.8292682926829,25,5.06,17.1,18209.557788944723,63.44827586206897,11.538461538461538,43.30708661417323,75.4702295566695,21.71486969145681,489.0050289017341,null,879.8229672447013,3159348.3499999996,3272943.61,-113595.26000000024,20,80,33.33333333333333,6.666666666666667,47.6,Media (300-600m),Vicino (50-70km)
057034,Longone Sabino,RI,Lazio,12,42.30350948330837,12.949623075578945,778,34.3338,1,58.2,7.8,65.9,513,623.5294117647059,92.13483146067416,4,54.92397660818713,41.32553606237816,0.3898635477582846,52.046783625730995,553,502.22222222222223,-40,-7.23,121.3,17386.84293193717,51.64835164835166,18.023255813953487,38.24091778202677,83.06958083551844,16.54728339067216,412.41189083820666,32.890038986354774,null,1166585.6300000001,1361832.4799999997,-195246.84999999963,13.177159590043924,85.94436310395315,74.67057101024889,12.152269399707176,14.9,Alta (>600m),Vicino (50-70km)
057001,Accumoli,RI,Lazio,12,42.695304856640014,13.244135506532116,709,87.3429,1,107.5,7.1,114.5,503,544.8275862068965,59.177215189873415,-2,52.059642147117295,31.411530815109344,0.5964214711729622,62.82306163021869,555,415.90909090909093,-52,-9.37,128.9,14997.568475452197,56.30769230769231,10.731707317073171,90.03831417624521,42.78398282843598,38.21023469412219,635.6910934393638,null,10.08986083499006,3536127.7800000003,3394112.17,142015.61000000034,0.02546686567356636,0.5075105762711136,0.05813322501856288,0.022135756661412116,5.8,Alta (>600m),Lontano (>90km)
057063,Salisano,RI,Lazio,12,42.27589370428959,12.74327252169867,450,17.5958,3,46.2,4.5,50.7,474,267.85714285714283,76.86567164179104,-2,49.67299578059072,31.645569620253166,1.4767932489451476,56.540084388185655,514,253.44827586206895,-40,-7.78,14.4,18303.508982035928,59.62962962962963,11.049723756906078,42.19409282700422,82.75209322346008,14.867263564664828,157.79329113924052,40.63898734177216,10.548523206751055,1083130.45,1322342.39,-239211.93999999994,6.153846153846154,90.76923076923077,90.76923076923077,3.076923076923078,26.9,Media (300-600m),Vicino (50-70km)
057022,Colli sul Velino,RI,Lazio,12,42.49844932374522,12.779630098951792,476,12.7551,1,70.2,4.8,75,461,514.2857142857143,59.515570934256054,9,50.99783080260303,31.23644251626898,1.0845986984815619,62.68980477223427,465,309.09090909090907,-4,-0.86,205.2,19222.869942196532,65.21739130434783,7.216494845360824,44.24778761061947,78.02988659599461,1.8052185702582058,42.625748373101956,141.31991323210414,50.90110629067245,1952834.5100000002,1322219.15,630615.3600000003,0.2001037575038909,1.92692507225969,1.8676350700363151,0.2001037575038909,36.1,Media (300-600m),Medio (70-90km)
057039,Montasola,RI,Lazio,12,42.37853498208608,12.68498699352815,597,12.7472,3,55.1,6.0,61.1,396,341.6666666666667,67.0886075949367,4,50.06565656565657,31.060606060606062,1.0101010101010102,59.84848484848485,382,248.93617021276594,14,3.66,92.7,17307.82222222222,55.50660792951542,12.5,38.36317135549872,67.74875719706354,24.343373116858334,2.22770202020202,null,null,1571087.16,1576570.3199999998,-5483.159999999916,17.98780487804878,82.01219512195121,79.8780487804878,15.853658536585366,31.1,Media (300-600m),Vicino (50-70km)
057047,Orvinio,RI,Lazio,12,42.1274015444373,12.937542299805253,827,24.6887,1,44.2,8.3,52.5,387,586.9565217391304,68.99563318777292,1,52.82428940568475,34.883720930232556,0.7751937984496124,59.17312661498708,390,576,-3,-0.77,11,17781.486666666668,56.63716814159292,15.789473684210526,60.60606060606061,99.50792755449459,0.4920724455054145,327.77242894056843,null,null,3781117.1100000003,3922117.5599999996,-141000.44999999925,0.12640345007063722,2.0398046942771457,1.5106451532951644,0.12392495104964432,15.7,Alta (>600m),Vicino (50-70km)
057018,Collalto Sabino,RI,Lazio,12,42.15499747241936,13.051889302444089,942,22.3697,1,53.8,9.4,63.2,383,973.3333333333334,72.52252252252252,-7,55.92167101827676,38.1201044386423,0.7832898172323759,57.96344647519582,395,783.3333333333334,-12,-3.04,190,20814.249158249157,62.94642857142857,10.759493670886076,56.55526992287918,94.92775192067161,null,794.1092950391644,null,null,1142856.44,1425391.0799999998,-282534.6399999999,91.22137404580153,8.778625954198473,8.778625954198473,91.22137404580153,17.1,Alta (>600m),Vicino (50-70km)
057017,Cittareale,RI,Lazio,12,42.602644105370494,13.147975469917181,1015,59.6602,1,94.5,10.2,104.7,374,736.3636363636364,96.84210526315789,5,56.606951871657756,43.31550802139038,0.8021390374331552,50.80213903743316,415,656,-41,-9.88,80.4,18056.970394736843,68.39378238341969,9.58904109589041,50.25125628140704,51.483988276125004,22.578636826139395,725.9093850267379,41.435989304812836,103.63406417112299,3766754.2899999996,4337539.450000001,-570785.1600000015,65.49707602339181,34.21052631578947,1.1695906432748537,64.91228070175438,6.3,Alta (>600m),Lontano (>90km)
057019,Colle di Tora,RI,Lazio,12,42.19916429068727,12.935399664247564,551,14.3718,1,49,5.5,54.5,349,385.7142857142857,63.84976525821596,7,51.32378223495702,30.945558739255013,1.146131805157593,61.03151862464183,359,420.6896551724138,-10,-2.79,-35,16317.987447698744,51.8348623853211,13.076923076923078,71.8232044198895,79.20316268855687,14.577697612131601,0,41.20521489971347,null,2301916.33,2302616.33,-700,0.06679269061121614,0.013862633900441084,0.011342155009451797,0.06553245116572148,24.3,Media (300-600m),Vicino (50-70km)
057032,Labro,RI,Lazio,12,42.5197929560081,12.797979076131218,599,11.7424,1,73,6.0,79,346,297.14285714285717,67.14975845410628,-4,49.47687861271676,30.057803468208093,1.4450867052023122,59.82658959537572,375,220,-29,-7.73,77.1,19145.18972332016,59.70873786407766,10.869565217391305,58.4958217270195,46.92631799325449,46.45523263882371,160.2414739884393,null,1021.7590462427746,1504616.8,1575421.73,-70804.92999999993,10.236220472440944,88.9763779527559,78.74015748031495,6.299212598425195,29.5,Media (300-600m),Medio (70-90km)
057045,Morro Reatino,RI,Lazio,12,42.52823694215348,12.840081382888252,744,15.7311,1,75.1,7.4,82.5,335,388.46153846153845,61.05769230769231,11,50.55522388059701,30.149253731343283,0.8955223880597015,62.089552238805965,344,273.6842105263158,-9,-2.62,114.8,16959.016260162603,57.48792270531401,11.851851851851853,43.47826086956522,68.94451712238336,11.969926441495062,1134.4152238805968,null,null,1916545.93,1820440.77,96105.15999999992,0.30735455543358947,3.058909623124771,0.3951701427003293,0.30735455543358947,21.3,Alta (>600m),Medio (70-90km)
057058,Pozzaglia Sabina,RI,Lazio,12,42.15722672387997,12.966808432490524,861,24.9787,1,48.1,8.6,56.7,305,1092.3076923076924,103.33333333333333,6,59.49180327868852,46.557377049180324,0.9836065573770493,49.18032786885246,315,1007.1428571428571,-10,-3.17,85.2,16435.580508474577,55.4140127388535,20.909090909090907,29.801324503311257,84.01659802309847,14.16481339648664,0,null,129.16681967213117,1569103.0599999998,1530784.7799999998,38318.28000000003,0.08014024542950163,0.639869772101177,0.639869772101177,0.07763586275982971,12.2,Alta (>600m),Vicino (50-70km)
057023,Concerviano,RI,Lazio,12,42.3065836819087,12.969233601196668,575,21.3896,1,59.5,5.8,65.2,280,518.1818181818181,94.44444444444444,4,53.95357142857143,40.714285714285715,0.35714285714285715,51.42857142857142,282,376,-2,-0.71,142.2,18739.43137254902,60,13.461538461538462,31.914893617021278,85.70194917800058,6.8909405418457474,12.25,10.714285714285714,null,923215.42,758357.9600000001,164857.45999999996,17.465753424657535,81.16438356164383,78.76712328767124,16.78082191780822,13.1,Media (300-600m),Vicino (50-70km)
057013,Castel di Tora,RI,Lazio,12,42.209141901307085,12.969501419169275,568,15.4912,1,51.8,5.7,57.5,273,324,63.47305389221557,1,50.201465201465204,29.67032967032967,3.296703296703297,61.172161172161175,267,573.3333333333334,6,2.25,-249.3,13939.270531400965,67.46987951807229,8.94308943089431,131.57894736842104,85.37661635999909,6.427602691931064,497.22512820512816,null,246.78505494505498,1689043.03,1578398.3999999994,110644.63000000059,16.129032258064516,83.22580645161291,83.22580645161291,15.483870967741936,17.6,Media (300-600m),Vicino (50-70km)
057042,Montenero Sabino,RI,Lazio,12,42.28721546426013,12.812344568479197,440,22.5865,1,50.1,4.4,54.5,265,526.3157894736842,81.5068493150685,9,53.9622641509434,37.735849056603776,0.7547169811320755,55.094339622641506,278,547.3684210526316,-13,-4.68,-21.1,17297.97129186603,64.13793103448275,11.428571428571429,43.32129963898917,64.74159200478975,5.1685971560010415,510.2215849056604,null,774.9176226415095,692742.4600000001,871249.7800000001,-178507.32000000007,68.91891891891892,29.72972972972973,29.72972972972973,66.21621621621621,11.7,Media (300-600m),Vicino (50-70km)
057071,Turania,RI,Lazio,12,42.13201175700962,13.008924466473626,673,8.5099,1,49.4,6.7,56.1,238,452.94117647058823,65.27777777777777,1,52.65546218487395,32.35294117647059,0.42016806722689076,60.50420168067227,228,450,10,4.39,2.9,18183.464516129032,52.4822695035461,14.942528735632186,29.78723404255319,86.72704027426124,6.377615626201809,0,29.41176470588235,25.75672268907563,819038.1600000001,1002800.1299999999,-183761.96999999974,71.875,25,21.875,71.875,28,Alta (>600m),Vicino (50-70km)
057072,Vacone,RI,Lazio,12,42.39116133557352,12.641435711312168,518,9.1849,3,55.6,5.2,60.8,223,1087.5,74.21875,-3,56.39013452914798,39.01345291479821,0.4484304932735426,57.399103139013455,226,910,-3,-1.33,177.5,19002.028735632182,57.971014492753625,8.045977011494253,68.6695278969957,50.96229349998398,45.55240105424426,257.122466367713,null,null,1063574.5099999998,1101314.3599999999,-37739.85000000009,3.867403314917127,95.58011049723757,95.58011049723757,0,24.3,Media (300-600m),Vicino (50-70km)
057046,Nespolo,RI,Lazio,12,42.155216871725514,13.071755437246543,872,8.6446,1,55.2,8.7,63.9,205,239.1304347826087,61.41732283464567,4,49.06341463414634,26.82926829268293,2.4390243902439024,61.951219512195124,191,581.8181818181819,14,7.33,-342.7,20273.244604316547,54.91803278688525,14.102564102564102,66.66666666666667,88.07419324948651,0.5632579604952995,293.07868292682923,null,null,1124289.0599999998,1323326.49,-199037.43000000017,100,0,0,100,23.7,Alta (>600m),Vicino (50-70km)
057004,Ascrea,RI,Lazio,12,42.22188382909186,12.972528277015208,763,13.9761,1,53,7.6,60.6,203,566.6666666666666,97.0873786407767,-3,56.39408866995074,41.87192118226601,0.9852216748768473,50.73891625615764,213,371.42857142857144,-10,-4.69,195.2,17084.877300613498,63.63636363636363,12.5,65.72769953051643,78.65472630221836,null,688.3916256157636,null,null,447831.50999999995,470376.27999999997,-22544.77000000002,18.64801864801865,81.11888111888112,81.11888111888112,18.414918414918414,14.5,Alta (>600m),Vicino (50-70km)
057048,Paganico Sabino,RI,Lazio,12,42.18095383439948,13.004703011453893,704,9.3138,1,52.1,7.0,59.2,161,5500,53.333333333333336,-1,58.18633540372671,34.161490683229815,0,65.21739130434783,155,1525,6,3.87,3975,18662.204545454544,62.13592233009708,15.789473684210526,64.93506493506493,30.299754698083515,69.70024530191648,1712.5780745341615,null,null,2199261.61,2261349.08,-62087.470000000205,100,0,0,100,17.3,Alta (>600m),Vicino (50-70km)
057073,Varco Sabino,RI,Lazio,12,42.24232549736126,13.02938994198872,755,24.7527,1,58,7.6,65.5,151,555.5555555555555,64.1304347826087,1,52.211920529801326,33.11258278145696,1.3245033112582782,60.9271523178808,177,660,-26,-14.69,-104.4,11030.669421487602,68.04123711340206,9.58904109589041,53.25443786982248,71.72237351274282,8.880439823923258,75.60350993377483,null,null,834259.7600000001,758637.23,75622.53000000014,23.952095808383234,76.04790419161677,76.04790419161678,23.353293413173656,6.1,Alta (>600m),Vicino (50-70km)
057020,Collegiove,RI,Lazio,12,42.172846853969205,13.030647713026132,987,10.6126,1,53.4,9.9,63.2,129,2450,65.38461538461539,3,55.16279069767442,37.98449612403101,1.550387596899225,60.46511627906976,135,1566.6666666666667,-6,-4.44,883.3,18326.712962962964,65.33333333333333,0,70.3125,39.33612147865138,46.94297650019845,1431.947054263566,null,null,1073945.93,883419.04,190526.8899999999,98.0392156862745,0.9803921568627451,0.9803921568627453,98.03921568627452,12.2,Alta (>600m),Vicino (50-70km)
057037,Micigliano,RI,Lazio,12,42.453269969696116,13.048271828267108,910,36.8517,1,76.3,9.1,85.4,120,1000,57.89473684210526,1,54.15,33.33333333333333,0.8333333333333334,63.33333333333333,114,585.7142857142857,6,5.26,414.3,17683.98947368421,64.70588235294117,12,79.64601769911505,84.73009140836226,10.589562907783895,1929.345,null,null,2100978.8699999996,2340805.78,-239826.91000000015,5.231143552311435,94.52554744525547,4.866180048661801,4.987834549878346,3.3,Alta (>600m),Medio (70-90km)
057036,Marcetelli,RI,Lazio,12,42.216415696136565,13.04322094312671,914,11.0838,1,57,9.1,66.2,53,550,96.29629629629629,2,56.132075471698116,41.509433962264154,3.7735849056603774,50.943396226415096,76,1550,-23,-30.26,-1000,15598.058823529413,61.29032258064516,13.636363636363635,85.71428571428571,58.37525078874156,9.497377070039798,943.3962264150944,null,null,881028.2300000001,837797.7799999999,43230.450000000186,100,0,0,99.12280701754386,4.8,Alta (>600m),Vicino (50-70km)
067041,Teramo,TE,Abruzzo,13,42.65847095959706,13.710797723341365,274,152.8387,3,130.5,2.7,133.3,51600,231.33379168099003,59.638647402778204,139,47.26472868217054,26.083333333333332,1.7926356589147288,62.64147286821705,52476,210.06127055788454,-876,-1.67,21.3,21823.194977274477,65.58211256746338,7.567591063200904,99.92255566311714,75.1152733112606,18.25228506145721,73.12301007751938,138.06978372093022,74.1676449612403,77429160.41,83130450.41999997,-5701290.009999976,23.569899051697767,73.82991740593454,66.78647904557968,16.564698684613035,337.6,Bassa (<300m),Lontano (>90km)
067037,Roseto degli Abruzzi,TE,Abruzzo,13,42.681157319393705,13.979381383778138,5,53.2598,4,149.6,0.1,149.6,25882,207.8391959798995,55.04702569939496,160,46.054439378718804,23.970326868093654,1.955026659454447,64.49656131674523,25429,184.07582938388626,453,1.78,23.8,19410.332650133223,61.98869507080775,7.718060079623598,90.59956167814653,90.23001403996105,8.620910569425824,10.241376246039719,88.56056525770808,6.5964508152383905,31031510.05,30424092.56,607417.4900000021,10.799101412066753,81.98545143346169,71.61424903722721,8.028455284552846,486,Bassa (<300m),Lontano (>90km)
067025,Giulianova,TE,Abruzzo,13,42.740943865611094,13.941284096041466,68,28.0793,4,151,0.7,151.7,23584,234.54337027130302,59.03971946860881,128,47.49207089552239,26.026119402985078,1.8699118046132974,62.87737449118046,23464,209.77115873592444,120,0.51,24.8,20158.73447248609,61.12791557437656,8.676441052420165,99.75689853712629,90.40823935230652,7.691256963091803,20.402067927408414,93.4965145861601,0.6371942842605156,32119673.290000003,33368533.82000001,-1248860.5300000086,24.89038785834739,71.93929173693085,66.90275435637999,19.921304103428895,839.9,Bassa (<300m),Lontano (>90km)
067047,Martinsicuro,TE,Abruzzo,13,42.86636464253587,13.911295929024206,6,14.6267,4,158.1,0.1,158.1,16378,194.79739869934969,56.20410109680496,163,45.86860422518012,23.775796800586154,1.8378312370252776,64.01880571498351,16198,166.55722326454034,180,1.11,28.2,18216.057838019868,58.28365975967452,11.315865246184854,89.9295990205081,89.44494651074248,5.635077894648652,228.59206435462204,153.54055867627304,37.58094272804983,23374122.95,25861492.559999995,-2487369.6099999957,58.57870894677236,20.469988674971688,17.97848244620611,50.821064552661376,1119.7,Bassa (<300m),Lontano (>90km)
067040,Silvi,TE,Abruzzo,13,42.552732502476616,14.096627935613823,4,20.5962,4,150.3,0.0,150.3,15482,212.0468488566648,56.589460908263376,96,46.5623304482625,24.557550704043404,1.7568789562072085,63.86125823537011,15251,185.89473684210526,231,1.51,26.2,18787.3527100634,58.75125881168177,10.876871371830125,91.28145114101814,74.22601713267838,6.833944757391904,15.326451362873014,62.31180790595531,1.6046957757395686,24604486.020000003,25981949.900000006,-1377463.8800000027,6.314338235294118,25.997242647058822,21.576286764705884,4.871323529411766,751.7,Bassa (<300m),Lontano (>90km)
067035,Pineto,TE,Abruzzo,13,42.60801869448389,14.040701752451513,5,38.1126,4,149.3,0.1,149.4,14803,200.83752093802346,57.22782793414763,48,46.17192460987638,24.29912855502263,1.9455515773829628,63.601972573127064,14582,175.86206896551724,221,1.52,25,19244.461737886642,61.347668724717906,7.983394539358136,91.88781457861894,91.92069639700566,2.460272534372615,23.75824292373168,49.24835844085658,9.439339998648922,24465840.159999993,25968725.58,-1502885.4200000055,5.583113074332887,41.13834679025309,29.86712046055252,3.4541438864549767,388.4,Bassa (<300m),Lontano (>90km)
067001,Alba Adriatica,TE,Abruzzo,13,42.822505511579855,13.907292098028547,7,9.5364,4,154.6,0.1,154.6,13275,184.53350031308705,52.04443935402588,79,45.49627118644068,22.199623352165727,2.3804143126177024,65.77024482109228,12631,166.8918918918919,644,5.1,17.6,17710.429991883117,58.13416464611477,11.759551349456713,113.90428604887188,90.63190007737607,6.7650986321705675,155.5971879472693,151.3624783427495,0.49175141242937853,18641772.490000002,19122052.959999997,-480280.4699999951,77.82101167315176,22.04928664072633,17.4232598357112,72.15737137916128,1392,Bassa (<300m),Lontano (>90km)
067044,Tortoreto,TE,Abruzzo,13,42.79913686457818,13.910241130706611,237,23.0202,4,153.1,2.4,155.4,12029,203.37078651685394,50.75824038100013,211,46.43295369523651,22.570454734391888,1.88710616011306,66.33136586582425,11810,173.60724233983288,219,1.85,29.8,19517.096915335813,63.61911987860395,8.875203767433435,96.61876584953508,97.07465300018272,1.120794711715351,83.02709285892426,77.12801230359963,null,14764386.69,17940077.72,-3175691.0299999993,73.8992463308211,25.109083696945657,19.833399444664813,71.00357001190004,522.5,Bassa (<300m),Lontano (>90km)
067038,Sant'Egidio alla Vibrata,TE,Abruzzo,13,42.817809103131744,13.710376253208498,241,18.3617,3,142.5,2.4,144.9,9876,176.20845921450152,58.803666184274,87,45.17203321182665,23.622924260834345,2.1466180639935195,62.97083839611178,9834,148.88268156424581,42,0.43,27.3,19958.764755011136,65.25616083009079,6.6774866682123815,108.01107805928814,87.60788629791199,9.973925733220213,8.163881125961929,93.83908566221143,null,8711712.32,9037728.719999999,-326016.3999999985,74.29760665972945,21.019771071800207,18.6264308012487,19.562955254942768,537.9,Bassa (<300m),Lontano (>90km)
067004,Atri,TE,Abruzzo,13,42.58416655026096,13.98023432375408,459,92.1814,4,143.7,4.6,148.3,9846,267.5934803451582,63.77245508982036,21,48.40219378427788,28.346536664635387,1.6351817997156206,61.06032906764168,10179,250.6433823529412,-333,-3.27,17,18502.83118928853,61.13921984658071,7.391841779975278,67.61885737115462,88.83895525289893,2.533883938476031,3.4259648588259193,239.13187893560837,1.4817123705057893,38833341.949999996,38868070.55,-34728.60000000149,3.6050879852369344,91.72543333553021,78.17504778224479,2.5176300006590657,106.8,Media (300-600m),Lontano (>90km)
067030,Mosciano Sant'Angelo,TE,Abruzzo,13,42.742027049043166,13.88784797336381,218,48.4474,4,147.6,2.2,149.8,9245,191.71917191719172,53.98067954696869,5,45.45083829096809,23.039480800432667,1.9253650621957816,64.94321254732289,9101,168.87755102040816,144,1.58,22.8,18279.435590969457,61.6641401381169,8.589263420724095,101.65198237885463,93.4909067751512,5.462745852738117,55.635309897241754,160.7531087074094,14.25534234721471,12473573.669999998,12400758.18,72815.48999999836,21.673860011259148,76.01801463689247,71.12028523175078,9.739163069994367,190.8,Bassa (<300m),Lontano (>90km)
067028,Montorio al Vomano,TE,Abruzzo,13,42.58543259653862,13.628475958896964,263,53.5649,1,120.2,2.6,122.8,7381,223.99553571428572,64.82804823581957,-6,47.08616718601815,27.191437474596935,2.0457932529467553,60.66928600460643,7657,192.88537549407116,-276,-3.6,31.1,20579.592443421556,60.510543840177576,7.936507936507936,84.70018822264049,27.127664804392097,72.39522913748566,73.93618344397778,647.0315973445332,2.987100663866685,33173847.160000004,30648724.349999998,2525122.810000006,0.09620331391746584,0.5045895670373043,0.43402985169717617,0.055109845389806594,137.8,Bassa (<300m),Lontano (>90km)
067011,Castellalto,TE,Abruzzo,13,42.66618899541269,13.836737917956127,462,34.1757,4,139.1,4.6,143.8,7231,162.07605344295993,54.47553941465499,34,44.49509058221546,21.808878440049785,2.2818420688701426,64.73516802655234,7426,133.17757009345794,-195,-2.63,28.9,19821.45856353591,63.67286559594252,7.235221674876848,93.13792631146418,92.24920545564056,4.048162815714398,30.14382796293735,159.38746508090168,null,7507554.860000003,7706082.47,-198527.6099999966,11.543005671077506,87.87807183364839,76.86672967863896,4.855860113421551,211.6,Media (300-600m),Lontano (>90km)
067006,Bellante,TE,Abruzzo,13,42.741205258412926,13.810121131026591,349,50.0441,4,142.7,3.5,146.2,6854,204.73815461346632,55.419501133786845,10,46.1943390720747,23.956813539538953,2.2322731251823753,64.34199007878611,6852,188.12121212121212,2,0.03,16.6,18802.957430189417,63.13663899483958,7.555847568988174,66.45292917516758,88.65839132925888,9.535282156903637,56.08434490808287,39.63865917712285,9.237591187627663,8201569.11,7439728.3100000005,761840.7999999998,69.21397379912663,27.947598253275107,23.94468704512373,8.078602620087336,137,Media (300-600m),Lontano (>90km)
067008,Campli,TE,Abruzzo,13,42.73454143889225,13.697254520173423,403,73.4239,3,135.3,4.0,139.3,6566,264.06480117820325,60.38104543234001,92,47.995735607675904,27.307340846786477,1.675296984465428,62.351507767286016,6714,236.92946058091286,-148,-2.2,27.1,18199.81896207585,63.07918607501839,7.178932178932179,81.4431420307505,75.00522466371457,7.372943515401255,117.18088181541272,173.1302573865367,null,19241318.119999997,19252239.56999999,-10921.449999991804,0.06580274546345306,0.00848551218871779,0.008165304181596365,0.04034620889729969,89.4,Media (300-600m),Lontano (>90km)
067032,Notaresco,TE,Abruzzo,13,42.660775997240066,13.886080952077132,257,38.1502,4,142,2.6,144.6,6349,226.82926829268294,55.95676737902235,50,46.82343676169476,24.901559300677274,1.6065522129469207,64.1203339108521,6433,198.68938401048493,-84,-1.31,28.1,19087.281639552082,64.09554615576015,7.238026647461289,80.17010552842967,86.62679855043969,11.981070512378093,59.02046621515199,46.77782642935895,null,15101748.26,16463673.480000004,-1361925.2200000044,4.803270311701584,94.01294498381877,85.73496848918414,1.4392778061659006,166.4,Bassa (<300m),Lontano (>90km)
067031,Nereto,TE,Abruzzo,13,42.81803743918115,13.812179461879918,160,7.0112,4,148.5,1.6,150.1,5405,162.68260292164675,57.718120805369125,66,45.121924144310825,22.664199814986123,2.3311748381128585,63.40425531914894,5296,159.94475138121547,109,2.06,2.7,20524.23478037503,61.48430624816662,8.829926054806437,85.19078201737817,91.16420475246514,5.90649040809781,132.09065309898241,68.44070675300647,8.639324699352452,6515124.089999998,7146046.759999998,-630922.6699999999,93.01075268817203,5.64516129032258,4.56989247311828,60.08064516129033,770.9,Bassa (<300m),Lontano (>90km)
067039,Sant'Omero,TE,Abruzzo,13,42.78894409362796,13.822106214790583,212,34.2025,4,146.9,2.1,149,5151,228.099173553719,62.697409981048644,-32,47.56901572510192,26.790914385556203,1.9025431954960204,61.46379343816734,5185,222.8013029315961,-34,-0.66,5.3,17644.53909044456,61.763769500159185,8.013276434329066,93.2916096225308,92.2445717026949,6.797803529714103,117.06100951271598,199.8191089108911,null,8469142.270000001,8418678.550000003,50463.71999999881,23.233404710920773,73.34047109207708,72.85867237687368,0.2676659528907923,150.6,Bassa (<300m),Lontano (>90km)
067021,Corropoli,TE,Abruzzo,13,42.82745308126856,13.853393178273715,133,22.1135,4,151.7,1.3,153,5112,168.3068017366136,56.9060773480663,63,44.977112676056336,22.75039123630673,2.0735524256651017,63.732394366197184,5145,141.66666666666666,-33,-0.64,26.6,18947.45977623868,63.35192069392813,8.131176999101527,105.21140609636186,90.31839422431341,7.198161759446544,101.8404479655712,147.68599178403755,null,7366712.6,7676850.88,-310138.28000000026,94.67455621301775,2.9585798816568047,2.0710059171597637,0,231.2,Bassa (<300m),Lontano (>90km)
067017,Civitella del Tronto,TE,Abruzzo,13,42.77934342464984,13.659582206356871,582,77.7369,3,136.5,5.8,142.3,4539,271.7299578059072,63.44976593446165,48,48.57721965190571,28.3762943379599,1.6082837629433795,61.18087684512007,4649,261.1226611226611,-110,-2.37,10.6,18365.482045389257,64.71006759160441,6.670087224217546,84.21966572606902,69.2622186208859,27.883695594733638,32.522220753469924,133.64934346772418,115.78102886098259,9362983.969999995,10377846.84,-1014862.8700000048,0.07571696489500634,0.21967463974790705,0.19581425165074118,0.05599237740134922,58.4,Media (300-600m),Lontano (>90km)
067026,Isola del Gran Sasso d'Italia,TE,Abruzzo,13,42.486006258384506,13.637944569225374,407,84.0449,1,114.2,4.1,118.3,4438,251.73824130879345,63.28182487122884,2,48.3600721045516,27.737719693555658,1.7124831004957188,61.24380351509689,4465,222.8733459357278,-27,-0.6,28.9,18048.98122065728,62.40822320117474,7.3569482288828345,76.39044002680366,60.79884347788688,35.4989142032923,22.424060387561966,211.26376070301936,150.16649842271295,9241488.56,10672949.930000002,-1431461.370000001,0.09034848702136813,0.7162547604251318,0.4722979109900091,0.07791959462689421,52.8,Media (300-600m),Lontano (>90km)
067019,Colonnella,TE,Abruzzo,13,42.86418159805302,13.875305430564723,277,21.633,4,155.7,2.8,158.5,3710,227.05314009661836,57.47028862478778,31,47.14043126684636,25.336927223719673,1.6442048517520216,63.50404312668464,3649,189.22413793103448,61,1.67,37.8,19701.027036276522,63.41252699784017,8.077645585472762,129.4374658656472,71.56638097533822,26.867280713861174,0.2695417789757412,112.13188409703504,null,7007262.870000002,7037830.02,-30567.14999999758,44.3609022556391,55.07518796992481,46.992481203007515,34.210526315789465,171.5,Bassa (<300m),Lontano (>90km)
067029,Morro d'Oro,TE,Abruzzo,13,42.65623334630231,13.934344590129433,218,28.7269,4,145,2.2,147.1,3556,207.90123456790124,54.006063230835856,-16,45.78543307086614,23.678290213723287,2.080989876265467,64.93250843644545,3583,169.46236559139786,-27,-0.75,38.4,17851.65374771481,64.6727351538795,6.866416978776529,74.78211976384594,88.73054116627115,10.64811943211947,16.96604049493813,68.74134420697412,0.00843644544431946,5985734.6899999995,5058241.060000002,927493.6299999971,6.165807793147094,93.11093029563331,90.33541271132809,2.1065003164270864,123.8,Bassa (<300m),Lontano (>90km)
067043,Torricella Sicura,TE,Abruzzo,13,42.66644869472784,13.602409027713533,431,54.3802,1,124.5,4.3,128.8,2399,232.6241134751773,64.20260095824777,-14,47.65527303042935,27.344726969570655,1.9591496456857025,60.900375156315135,2497,194.11764705882354,-98,-3.92,38.5,19642.12935323383,62.73458445040214,6.958250497017893,58.993399339933994,89.66845930136552,2.0022142934878846,0,142.9025885785744,null,4872573.08,7926434.089999998,-3053861.009999998,0.045410573948081644,0.18388084521230244,0.1838808452123024,0.038854822075295205,44.1,Media (300-600m),Lontano (>90km)
067005,Basciano,TE,Abruzzo,13,42.5878642001515,13.73531431028896,378,18.8534,3,127.3,3.8,131.1,2319,189.1156462585034,57.86249149081007,-8,45.43122035360069,23.975851660198362,2.1561017680034498,63.34626994394136,2345,173,-26,-1.11,16.1,19255.064198958935,64.45497630331754,6.4833005893909625,75.86798114016288,94.3177661203205,5.184849035928283,277.1666580422596,228.63302285467873,4.188568348426046,4934615.41,5227515.13,-292899.71999999974,10.571362479759426,89.10478834142957,81.07795512375665,6.453851492019432,123,Media (300-600m),Lontano (>90km)
067020,Controguerra,TE,Abruzzo,13,42.85483142547718,13.812808235418068,257,22.8144,4,151.3,2.6,153.9,2202,270.8695652173913,63.23202372127502,-1,48.65940054495913,28.29246139872843,1.725703905540418,61.26248864668483,2272,234.71698113207546,-70,-3.08,36.2,20430.540264423078,61.016949152542374,8.609271523178808,83.48457350272233,93.5051981822483,1.9453291821014524,76.15229336966395,504.1411989100817,null,5593021.74,5026297.699999999,566724.040000001,74.50980392156863,19.607843137254903,12.745098039215682,18.627450980392158,96.5,Bassa (<300m),Lontano (>90km)
067015,Cellino Attanasio,TE,Abruzzo,13,42.58674631892089,13.856176937821106,427,43.9395,3,135.3,4.3,139.6,2188,261.6740088105727,60.05852231163131,8,47.874314442413166,27.148080438756857,1.5082266910420477,62.47714808043876,2320,222.26415094339623,-132,-5.69,39.4,18062.512987012986,63.79435191889935,5.775401069518717,65.20768200089326,78.73902097336763,6.464839419071235,120.73510054844608,175.75150822669104,null,3176457.47,3654701.27,-478243.7999999998,3.6976408281174775,96.27347135291285,86.79826673086181,1.2999518536350505,49.8,Media (300-600m),Lontano (>90km)
067018,Colledara,TE,Abruzzo,13,42.55214993003364,13.687199664056747,421,18.013,1,121.8,4.2,126,2068,228.9795918367347,63.86687797147385,8,47.75435203094778,27.127659574468083,1.83752417794971,61.02514506769826,2106,210.54852320675104,-38,-1.8,18.4,18417.007236842106,62.05564142194745,8.333333333333332,72.56126862085536,80.54544198370856,9.53193769728062,803.9817456479691,99.90740328820117,null,5852813.38,5817909.480000001,34903.89999999851,6.626354245401865,92.29024943310658,78.40765936004031,4.963466868228774,114.8,Media (300-600m),Lontano (>90km)
067013,Castiglione Messer Raimondo,TE,Abruzzo,13,42.520160730316086,13.86828207844404,303,30.685,3,132.2,3.0,135.2,1991,285.12820512820514,60.564516129032256,-5,48.65996986438975,27.92566549472627,2.059266700150678,62.2802611752888,2082,260.09389671361504,-91,-4.37,25,17598.43766066838,63.128491620111724,6.0570071258907365,79.90196078431373,87.82744848557338,10.387909494383948,5.096785534907082,68.18582621798092,null,10130830.39,9945019.809999999,185810.58000000194,1.8069533394327537,98.10155535224153,80.72964318389754,0.9492223238792317,64.9,Media (300-600m),Lontano (>90km)
067002,Ancarano,TE,Abruzzo,13,42.84041303639021,13.747616852037119,282,13.9192,3,146.4,2.8,149.2,1862,189.74358974358975,57.263513513513516,17,45.52094522019334,23.8453276047261,2.524167561761547,63.587540279269604,1886,183.89830508474577,-24,-1.27,5.8,22518.665497896214,64.23236514522821,6.408706166868199,111.71960569550932,62.39965783108509,35.87220326041042,40.66817937701396,32.521342642320086,null,2583210.57,2946297.319999999,-363086.74999999907,69.56521739130434,29.64426877470356,25.691699604743086,0,133.8,Bassa (<300m),Lontano (>90km)
067009,Canzano,TE,Abruzzo,13,42.64982581536069,13.803722196642097,466,16.7371,3,135.9,4.7,140.6,1764,212.78538812785388,63.484708063021316,-12,47.00850340136054,26.417233560090704,1.7573696145124718,61.167800453514744,1768,187.44769874476987,-4,-0.23,25.3,19944.638743455496,65.26122823098075,6.315789473684211,67.71124790151092,84.41052341983432,15.000471609460414,1.9944444444444442,73.87684240362812,1.9841269841269842,3043417.1199999996,3636744.2799999993,-593327.1599999997,0.8755129958960328,98.46785225718195,92.36662106703145,0.13679890560875507,105.4,Media (300-600m),Lontano (>90km)
067007,Bisenti,TE,Abruzzo,13,42.52823277122749,13.804717768399332,277,30.8746,3,128.2,2.8,131,1645,361.9718309859155,66.32962588473205,8,50.61884498480243,31.246200607902736,1.21580547112462,60.121580547112465,1707,314.83870967741933,-62,-3.63,47.1,16059,61.34122287968442,6.606606606606606,64.20927467300832,79.07660147129245,2.5532041311681173,40.48951367781155,260.23761094224926,null,3130073.7800000003,4182681.82,-1052608.0399999996,1.6996670755212897,98.10758717364641,88.59295601892413,1.0863851410548448,53.3,Bassa (<300m),Lontano (>90km)
067033,Penna Sant'Andrea,TE,Abruzzo,13,42.58525071645878,13.766146399722594,404,11.0982,3,129.2,4.0,133.2,1635,239.8876404494382,58.737864077669904,3,47.70948012232416,26.116207951070336,1.2232415902140672,62.99694189602446,1668,202.94117647058823,-33,-1.98,36.9,17490.21688741722,63.47075743048898,7.152875175315568,106.79611650485437,75.5891644538882,22.312218446935756,219.9289908256881,108.24203669724771,null,4409955.04,4165929.14,244025.8999999999,8.063139931740615,91.12627986348123,81.78327645051193,7.977815699658701,147.3,Media (300-600m),Lontano (>90km)
067042,Torano Nuovo,TE,Abruzzo,13,42.82198727183561,13.77696816485799,233,10.2172,4,146.7,2.3,149,1448,274.53416149068323,71.36094674556213,7,48.94060773480663,30.52486187845304,1.3812154696132597,58.35635359116023,1523,211.6504854368932,-75,-4.92,62.9,17443.66903914591,61.831153388822834,7.63765541740675,61.94690265486726,60.678007258237265,37.161466656454245,65.4542679558011,186.21979972375692,null,2373318.23,2226702.3699999996,146615.86000000034,96.55172413793103,0,0,0,141.7,Bassa (<300m),Lontano (>90km)
067016,Cermignano,TE,Abruzzo,13,42.58988362736544,13.800429770990876,543,26.3628,3,131.7,5.4,137.2,1417,283.22147651006713,67.49408983451536,-10,49.00635144671842,29.78122794636556,2.18772053634439,59.70359915314044,1493,285.7142857142857,-76,-5.09,-2.5,14821.671735241503,57.772621809744784,9.782608695652174,44.382801664355064,82.60298265492203,2.4431132933362014,351.64057163020465,253.00780522230065,null,2571189.3000000003,3148525.5799999996,-577336.2799999993,3.833333333333333,96,84.85714285714285,3.5000000000000004,53.7,Media (300-600m),Lontano (>90km)
067014,Castilenti,TE,Abruzzo,13,42.53573152872672,13.941348215370265,268,23.7941,3,138.2,2.7,140.9,1292,310.5263157894737,56.79611650485437,12,49.13467492260062,27.39938080495356,1.4705882352941175,63.77708978328174,1379,253.125,-87,-6.31,57.4,16153.852682926828,58.313539192399055,7.3584905660377355,93.02325581395348,84.51645693651925,7.027296825740949,1108.5719969040247,367.5978095975232,0.060696594427244586,5769954.46,5330094.140000001,439860.31999999937,4.288414013664777,95.18825410670155,86.81494403256288,1.5845326355574938,54.3,Bassa (<300m),Lontano (>90km)
067045,Tossicia,TE,Abruzzo,13,42.5492609627362,13.635991943022097,425,27.1359,1,118.2,4.3,122.5,1194,323.52941176470586,73.04347826086956,18,50.18425460636516,32.24455611390285,1.340033500837521,57.78894472361809,1253,281.74603174603175,-59,-4.71,41.8,17959.899357601713,64.8876404494382,7.042253521126761,53.182917002417405,43.441716999471765,47.49069252364858,37.95297319932998,62.0204690117253,50.196767169179225,5425761.780000001,5867943.74,-442181.95999999903,0.05611609655157021,0.46263895509277486,0.354232859481787,0.050217529584501756,44,Media (300-600m),Lontano (>90km)
067023,Crognaleto,TE,Abruzzo,13,42.56692387802325,13.472315708029688,833,124.3021,1,109.1,8.3,117.5,1047,600,74.79131886477462,-22,53.53772683858644,36.67621776504298,1.4326647564469914,57.21107927411653,1146,448.1927710843373,-99,-8.64,151.8,16890.06479217604,58.01652892561984,7.142857142857142,76.92307692307692,59.10352560990753,19.09714886728842,303.3795224450812,476.4965425023878,null,11365674.309999999,10908172.02,457502.2899999991,0.053491009026207396,0.1418953113689214,0.07206872473590815,0.05236993997475994,8.4,Alta (>600m),Lontano (>90km)
067012,Castelli,TE,Abruzzo,13,42.485340737071496,13.725486766388238,491,49.6808,1,120.2,4.9,125.1,933,421.79487179487177,77.3764258555133,-12,52.336548767416936,35.262593783494104,0.964630225080386,56.37727759914255,990,397.5308641975309,-57,-5.76,24.3,15266.22208281054,64.27255985267035,5.420054200542006,86.06557377049181,87.12937596217682,12.870624037823179,0,null,null,8526043.450000001,6802275.48,1723767.9700000007,0.01863211603508571,0.7126386261282781,0.5075261008873346,0.012899157255059338,18.8,Media (300-600m),Lontano (>90km)
067027,Montefino,TE,Abruzzo,13,42.55656544866439,13.892345352227052,377,18.5937,3,136,3.8,139.8,919,309.7826086956522,69.55719557195572,-9,49.62459194776932,31.01196953210011,1.7410228509249184,58.97714907508161,965,282.97872340425533,-46,-4.77,26.8,16290.608759124088,58.77034358047016,7.670454545454546,73.09322033898304,80.00070866769119,19.431243845598907,395.58616974972796,67.50438520130577,null,2173729.88,2156645.77,17084.10999999987,3.027771977448319,96.93046565044895,79.05617039047817,1.8166631864689915,49.4,Media (300-600m),Lontano (>90km)
067046,Valle Castellana,TE,Abruzzo,13,42.72892121073823,13.502215419387866,639,131.7532,1,123.6,6.4,130,834,605.7692307692307,78.58672376873662,-3,53.857314148681056,37.76978417266187,1.3189448441247003,55.99520383693045,878,616,-44,-5.01,-10.2,14041.057352941176,56.19834710743802,7.796610169491526,51.48741418764302,57.64462774512993,11.189102266275704,669.1503477218225,54.535107913669066,null,7971521.03,4860448.459999998,3111072.570000002,0.0564856360537922,0.012445987605072857,0.0009573836619286813,0.056166508166482644,6.3,Alta (>600m),Lontano (>90km)
067003,Arsita,TE,Abruzzo,13,42.47297031996523,13.775921007491707,475,34.136,1,123,4.8,127.8,729,354.54545454545456,69.93006993006993,-1,50.76131687242798,32.098765432098766,1.2345679012345678,58.8477366255144,787,310.958904109589,-58,-7.37,43.6,15274.10553633218,62.272727272727266,6.164383561643835,54.570259208731244,71.41146335113146,24.05736723288462,415.2920576131687,128.83248285322358,1.4084499314128944,3902330.4,4104374.58,-202044.18000000017,0.007483278057914203,0.646109411893954,0.46316714618026417,0.006687184647497799,21.4,Media (300-600m),Lontano (>90km)
067022,Cortino,TE,Abruzzo,13,42.62899682710085,13.49765308610559,711,62.9439,1,115.4,7.1,122.5,562,480,70.3030303030303,-14,52.70996441281139,34.16370106761566,1.2455516014234875,58.718861209964416,596,446.6666666666667,-34,-5.7,33.3,15291.09227467811,61.30952380952381,6.363636363636363,30.664395229982965,66.40538252043136,28.13126145181886,151.64254448398577,19.267224199288258,null,3838397.54,3482199.9800000004,356197.5599999996,0.0297489096064987,0.26790012683271675,0.25286573165523896,0.029429028858041727,8.9,Alta (>600m),Lontano (>90km)
067036,Rocca Santa Maria,TE,Abruzzo,13,42.67376084378714,13.492686186610786,1071,61.7982,1,118.6,10.7,129.3,449,736.3636363636364,69.43396226415095,-1,53.55456570155902,36.080178173719375,0.6681514476614699,59.02004454342984,483,428.94736842105266,-34,-7.04,307.4,15050.311345646438,61.95652173913043,4.4692737430167595,65.81740976645435,74.06551243657759,22.361656401396758,179.05514476614698,137.1469710467706,null,2011175.7900000003,1972937.4400000002,38238.35000000009,0.02323226496958977,0.06665256708516788,0.04886786769465433,0.022431152384431493,7.3,Alta (>600m),Lontano (>90km)
067010,Castel Castagna,TE,Abruzzo,13,42.54125109677054,13.731215151471291,450,18.159,3,124,4.5,128.5,406,385.29411764705884,68.46473029045643,-5,51.28817733990148,32.26600985221675,0.24630541871921183,59.35960591133005,463,274.468085106383,-57,-12.31,110.8,15164.714285714286,59.84251968503938,8.982035928143713,41.666666666666664,45.306432545783,42.57913802428304,0,100.37339901477831,null,1836981.2600000002,2493859.1400000006,-656877.8800000004,2.507522567703109,97.0912738214644,75.92778335005015,1.3039117352056169,22.4,Media (300-600m),Lontano (>90km)
067024,Fano Adriano,TE,Abruzzo,13,42.52572419418677,13.532701403065687,744,35.7723,1,109.9,7.4,117.4,255,2100,75.86206896551724,-11,58.40392156862745,41.17647058823529,0.7843137254901961,56.86274509803921,261,1187.5,-6,-2.3,912.5,19794.272321428572,63.39869281045751,7.6190476190476195,47.430830039525695,73.36697799070623,20.52063587630547,458.55607843137255,null,null,2384353.6599999997,3836839.8299999996,-1452486.17,0.012339189908145146,0.0017627414154493069,0.00016024921958630062,0.012339189908145146,7.1,Alta (>600m),Lontano (>90km)
067034,Pietracamela,TE,Abruzzo,13,42.49769077234733,13.542858376645132,1027,44.4851,1,108.7,10.3,118.9,199,1400,82.56880733944953,-2,58.231155778894475,42.211055276381906,0.5025125628140703,54.773869346733676,227,900,-28,-12.33,500,15743.726315789474,62.28070175438597,6.578947368421052,123.85321100917432,66.69506985800334,19.28865303149184,424.0286432160804,null,null,6083330.600000001,4695915.65,1387414.9500000002,0.01121760715619236,0.1709883833665321,0,0.01025609797137587,4.5,Alta (>600m),Lontano (>90km)
055032,Terni,TR,Umbria,10,42.57958729693054,12.660450230987111,134,212.4261,3,76.5,1.3,77.8,106310,268.0933501531808,62.407002856750026,840,48.49708399962374,27.987019095099235,1.6602389239017967,61.573699557896724,107982,242.7025254181699,-1672,-1.55,25.4,22677.794441923495,63.23055542829218,7.892863498843211,90.43663910555935,89.01696294818639,6.1199523181078685,44.96458056626847,40.04439525914778,65.04964763427711,142932246.39,140724044.80999994,2208201.580000043,25.44816835541699,30.7950116913484,27.030397505845684,15.346843335931412,500.5,Bassa (<300m),Medio (70-90km)
055023,Orvieto,TR,Umbria,10,42.734302302928135,12.151796786019528,320,281.2685,3,96.7,3.2,99.9,19196,299.6373056994819,67.16885831228772,16,49.63627839133153,30.126067930818923,1.3544488435090645,59.819754115440716,19931,262.66968325791856,-735,-3.69,37,23438.833551426327,66.30303030303031,5.886690426447093,108.58080730368775,82.10729476734865,7.488198325590521,11.122545321942072,154.7609939570744,22.252595853302772,33086380.330000006,33913476.06,-827095.7299999967,9.51540345082854,43.425773019759696,27.435795228062183,6.770685040715222,68.2,Media (300-600m),Lontano (>90km)
055022,Narni,TR,Umbria,10,42.50405441413666,12.514041034205963,250,197.9832,3,66.9,2.5,69.4,17769,320.58309037900875,68.33080712391057,23,49.94034554561315,30.94152737914345,1.5420113681130059,59.40683212336091,18405,282.7052142488384,-636,-3.46,37.9,20370.58616168973,62.64551257979723,7.125956854558107,76.58509454949944,62.89736996060134,23.979598527233524,246.00776070684904,107.2849828352749,42.29932466655411,49025593.09999998,50592873.31000001,-1567280.2100000307,16.156899369600747,81.93439178146158,74.68480037356994,5.469297221573664,89.8,Bassa (<300m),Vicino (50-70km)
055004,Amelia,TR,Umbria,10,42.559440714271986,12.403695253122095,381,132.4965,3,73.4,3.8,77.2,11474,270.5211726384365,65.71346042749856,26,48.97228516646331,28.952414153738886,1.6210563012027193,60.34512811573993,11682,234.63235294117646,-208,-1.78,35.9,20133.48668335989,62.542808219178085,6.8833652007648185,75.92528536838464,82.87031172599471,12.656357859996534,16.866397943175876,59.98053250827959,3.1631697751438033,8946913.730000004,8159273.589999998,787640.1400000062,1.7905298223350254,31.882534898477154,22.168464467005077,1.40188769035533,86.6,Media (300-600m),Medio (70-90km)
055017,Montecastrilli,TR,Umbria,10,42.64300936464638,12.474196695686175,371,62.4281,3,82.3,3.7,86,4795,238.12056737588654,66.03185595567867,14,48.112200208550576,28.008342022940564,1.9603753910323252,60.229405630865486,4821,209.34426229508196,-26,-0.54,28.8,19759.74499588703,63.63636363636363,6.123481781376518,69.38097216452014,93.476185576339,3.3315700458896127,47.44883003128259,102.84771011470282,null,4601147.65,4666514.889999998,-65367.23999999743,1.1777409472151072,12.118929235096179,10.270704635628546,1.0973833559339057,76.8,Media (300-600m),Medio (70-90km)
055029,San Gemini,TR,Umbria,10,42.606474248244595,12.538043959334711,349,27.8956,3,78.3,3.5,81.8,4628,277.35042735042737,61.70510132774284,5,48.861495246326704,28.0466724286949,1.4909248055315472,61.840968020743304,4836,219.93127147766322,-208,-4.3,57.4,23710.37482900137,67.15379262352123,6.0370009737098345,69.66434452184927,89.48562905029476,5.733012782071564,4.631374243733794,407.5198617113224,null,5397810.62,6178596.2299999995,-780785.6099999994,12.865497076023392,83.04093567251462,80.50682261208577,9.512670565302145,165.9,Media (300-600m),Medio (70-90km)
055031,Stroncone,TR,Umbria,10,42.48091803476573,12.661133316324639,450,71.1554,3,65.7,4.5,70.2,4613,238.50574712643677,62.08713984539705,27,47.850856275742466,26.98894428788207,1.3873834814654238,61.695209191415564,4685,209.72222222222223,-72,-1.54,28.8,20164.227653631286,64.95786516853933,7.128514056224899,54.486486486486484,86.16899268655202,9.339339411588822,100.68728809885107,44.63669629308476,4.6884782137437675,4455957,4269843.05,186113.9500000002,37.31843575418994,61.899441340782126,55.75418994413408,25.251396648044693,64.8,Media (300-600m),Medio (70-90km)
055001,Acquasparta,TR,Umbria,10,42.69006482277826,12.555961839844265,323,81.6057,3,87.7,3.2,90.9,4351,271.70626349892007,65.43726235741445,10,48.572282233969204,28.912893587680994,1.5628591128476212,60.445874511606526,4456,228.93772893772893,-105,-2.36,42.8,19965.092988263616,62.244124336618654,7.126696832579185,76.33069082672706,83.70182547180359,6.5690991479927945,59.79621466329579,244.46709262238568,26.699666743277408,8244964.000000001,8969546.88,-724582.8799999999,4.124379183761607,18.505722306197367,6.402504858561866,3.832865471820341,53.3,Media (300-600m),Lontano (>90km)
055010,Castel Viscardo,TR,Umbria,10,42.7575633307424,12.016499466708277,504,26.2156,3,102.9,5.0,107.9,2649,364.46280991735534,73.70491803278688,21,50.83503208758022,33.2955832389581,1.9630049075122689,57.56889392223481,2758,322.82608695652175,-109,-3.95,41.6,22575.693706293707,64.28571428571429,5.355404089581304,64.36011904761905,91.38890165332755,4.081342665217559,200.19739901849752,281.1603435258588,null,6566748.4399999995,6779270.369999999,-212521.9299999997,29.520865533230296,61.5919629057187,60.97372488408036,25.27047913446677,101,Media (300-600m),Lontano (>90km)
055011,Fabro,TR,Umbria,10,42.872246873365995,12.000647900482251,357,34.5501,3,115.2,3.6,118.8,2579,302.4,63.95422759059122,12,49.0259790616518,29.3136874757658,1.6673129119813883,60.99263280341217,2648,271.42857142857144,-69,-2.61,31,19815.56856187291,67.78907242693774,5.323868677905945,98.42972041363463,82.12313525204263,4.815760991647223,23.1834548274525,168.2235866614967,null,2878447.6500000004,3187674.59,-309226.9399999995,91.46067415730337,7.640449438202247,0,54.382022471910105,74.6,Media (300-600m),Lontano (>90km)
055007,Baschi,TR,Umbria,10,42.705006321666964,12.287870667989448,173,68.5685,3,90.8,1.7,92.6,2542,302.25563909774434,72.69021739130434,34,50.229740361919745,31.628638867033832,1.2588512981904012,57.90715971675846,2657,253.75,-115,-4.33,48.5,19960.51886792453,63.70967741935484,6.045589692765114,75.5813953488372,92.3788751088254,5.042139361186093,146.86505900865458,272.1800393391031,null,4234212.760000001,4043130,191082.7600000007,9.511993382961125,90.32258064516128,68.89991728701406,5.252274607113317,37.1,Bassa (<300m),Lontano (>90km)
055005,Arrone,TR,Umbria,10,42.56752276473058,12.798247652076759,229,41.032,1,78,2.3,80.3,2493,305.327868852459,65.75797872340425,27,49.31528279181709,29.883674288006418,1.6446048937023665,60.32892097874048,2558,268.8888888888889,-65,-2.54,36.4,19397.5487612019,63.04062909567497,7.321772639691715,55.533828705514274,88.63766299795476,5.789832937880292,174.2161853188929,39.97433614119535,44.44560770156438,4041358.429999999,4014063.3299999996,27295.09999999916,1.1063986723215933,3.23621611654066,3.1624562050525538,1.06951871657754,60.8,Bassa (<300m),Medio (70-90km)
055033,Avigliano Umbro,TR,Umbria,10,42.66460068852934,12.409910367294007,438,51.3386,3,85,4.4,89.4,2317,273.09236947791163,66.93083573487031,13,48.77255071212775,29.3482952093224,1.5968925334484247,59.90504963314631,2405,232.05574912891987,-88,-3.66,41,20409.245892351275,62.13729653220099,6.794055201698514,88.02369868810834,86.23292978624225,12.656484630265133,171.4972766508416,53.36671126456624,61.004782045748804,4228418.93,3960609.269999999,267809.6600000006,1.0486645911846633,4.858266426347698,1.6685782948276804,0.7837675460156207,45.1,Media (300-600m),Medio (70-90km)
055030,San Venanzo,TR,Umbria,10,42.86119396865541,12.240965823151132,469,169.4519,3,108.6,4.7,113.3,2151,380.8139534883721,62.46223564954683,-3,50.814039981404,30.450953045095304,1.9525801952580195,61.552766155276615,2157,384.66257668711654,-6,-0.28,-3.8,20728.416810592975,65.61797752808988,5.399568034557236,62.24256292906178,91.490243104187,5.9326388455033685,113.91519758251975,52.34471873547188,null,2930315.82,3457075.89,-526760.0700000003,2.963110933546411,65.52803302703423,36.309761619390066,2.8565721134638435,12.7,Media (300-600m),Lontano (>90km)
055009,Castel Giorgio,TR,Umbria,10,42.700924237119416,11.982675598472973,553,42.1436,3,98.3,5.5,103.8,2002,380.6282722513089,84.68634686346863,23,52.31318681318681,36.31368631368632,1.848151848151848,54.145854145854145,2037,387.56756756756755,-35,-1.72,-6.9,19149.957254665864,65.44117647058823,5.066666666666666,70.68709836875927,96.04009062325522,3.1758015736115004,21.1694005994006,62.818241758241754,6.7124125874125875,2442637.1799999997,2749220.669999999,-306583.4899999993,87.14555765595463,12.098298676748582,12.098298676748582,67.86389413988658,47.5,Media (300-600m),Lontano (>90km)
055006,Attigliano,TR,Umbria,10,42.52460724711341,12.290954506304924,92,10.512,3,71.2,0.9,72.1,1946,228.16901408450704,56.054530874097836,26,47.40955806783145,24.9743062692703,1.4388489208633095,64.08016443987667,1950,202.9787234042553,-4,-0.21,25.2,19345.207360226468,59.41455696202531,10.595238095238095,60.11207335710647,85.0306114636507,14.16175895245094,6.488083247687564,16.52121274409044,75.79448098663926,1816443.7299999997,2484643.53,-668199.8,10.106382978723403,85.59397163120568,0,7.180851063829786,185.1,Bassa (<300m),Medio (70-90km)
055014,Giove,TR,Umbria,10,42.50808605495934,12.328754683550434,297,15.0881,3,68.7,3.0,71.7,1842,315.6756756756757,71.66821994408201,9,50.0157437567861,31.704668838219323,1.737242128121607,58.25190010857764,1857,261.0576923076923,-15,-0.81,54.6,18430.594864479317,58.294717330861914,7.906295754026354,68.46361185983828,94.20678608457617,4.328216189796455,352.12225298588487,72.76703040173724,38.72541802388708,3752296.3299999987,3889035.6799999992,-136739.35000000056,48.87892376681614,50.224215246636774,22.869955156950674,46.63677130044843,122.1,Bassa (<300m),Medio (70-90km)
055028,Porano,TR,Umbria,10,42.680315292178314,12.093473048755047,442,13.6035,3,92.6,4.4,97,1840,286.4864864864865,63.55555555555556,-6,48.803260869565214,28.804347826086957,1.1956521739130435,61.141304347826086,1913,217.24137931034483,-73,-3.82,69.2,22377.24929775281,64.99133448873484,6.60024906600249,53.042121684867396,61.143235448921,37.020693102529556,8.289913043478261,385.0256739130435,5.434304347826087,3551327.8,3305456.77,245871.0299999998,17.982099267697315,80.79739625711962,79.2514239218877,16.43612693246542,135.3,Media (300-600m),Lontano (>90km)
055012,Ferentillo,TR,Umbria,10,42.62848912369428,12.823038055515646,257,69.5861,1,85.1,2.6,87.6,1788,256.03864734299515,70.12369172216937,0,48.54418344519016,29.642058165548097,1.7337807606263984,58.78076062639821,1820,225.42372881355934,-32,-1.76,30.6,20304.78966521106,61.76753121998079,6.404657933042213,51.819184123484014,83.52527389833192,13.384894989630371,427.6877572706935,283.93810961968677,122.71140939597315,8901231.489999998,8443015.899999999,458215.58999999985,2.2032822558708856,5.440203100915768,5.195393961374557,2.0219421525070267,25.7,Bassa (<300m),Medio (70-90km)
055015,Guardea,TR,Umbria,10,42.62169359007975,12.314545125463779,387,39.3808,3,81.3,3.9,85.2,1735,310.79545454545456,71.44268774703558,-3,49.83342939481268,31.52737752161383,1.38328530259366,58.328530259366,1749,277.9569892473118,-14,-0.8,32.8,20818.535903250187,64.75814412635735,5.747126436781609,82.66360505166476,76.99656575087317,7.604350076335913,21.299141210374643,128.59942363112393,198.2846628242075,2375585.4200000004,2189745.8499999996,185839.57000000076,0.6858782109792672,2.336680140826705,1.541270048246186,0.641543877950189,44.1,Media (300-600m),Medio (70-90km)
055024,Otricoli,TR,Umbria,10,42.43125081373095,12.517450708515875,202,27.4115,3,58.8,2.0,60.8,1697,341.50943396226415,70.55276381909547,38,50.45020624631703,31.99764289923394,1.1785503830288746,58.6328815556865,1735,264.9746192893401,-38,-2.19,76.5,19455.565617805067,64.1912512716175,6.932153392330384,67.52037252619324,93.8138913409453,4.023203056817282,187.43445492044785,114.37868591632292,13.705698291101944,3952373.2799999993,4140149.52,-187776.2400000007,80.86253369272237,18.328840970350406,3.5040431266846364,61.185983827493274,61.9,Bassa (<300m),Vicino (50-70km)
055002,Allerona,TR,Umbria,10,42.81227838154123,11.9689418383948,454,82.6124,3,110,4.5,114.6,1687,250.51546391752578,67.52730883813307,8,48.63011262596325,28.80853586247777,1.956135151155898,59.69176052163604,1686,249.73821989528795,1,0.06,0.8,18562.609351432882,67.02862783810464,5.034965034965035,53.941908713692946,85.79378471044275,3.7385835703543964,180.94962062833432,156.35375222288087,1.432602252519265,5810439.19,5771184.870000002,39254.319999998435,2.0620043258832013,6.503244412400864,2.8118240807498203,2.01153568853641,20.4,Media (300-600m),Lontano (>90km)
055008,Calvi dell'Umbria,TR,Umbria,10,42.40611303501279,12.550314492881576,406,46.006,3,56.1,4.1,60.2,1676,416.2962962962963,71.19509703779367,-6,52.16706443914081,33.53221957040573,1.3126491646778042,58.4128878281623,1693,372.10884353741494,-17,-1,44.2,19630.184250764527,62.82565130260521,7.111111111111111,69.6165191740413,88.25125019705855,4.532361532669817,57.550733890214794,81.64748210023866,226.05147374701673,2141534.05,2699636.6199999996,-558102.5699999998,12.147716229348884,87.65792031098154,84.06219630709427,11.9533527696793,36.4,Media (300-600m),Vicino (50-70km)
055013,Ficulle,TR,Umbria,10,42.82395979888208,12.069891003284727,443,64.6187,3,108.3,4.4,112.7,1562,329.80132450331126,71.08433734939759,7,50.88156209987196,31.88220230473752,1.4084507042253522,58.45070422535211,1583,290.5325443786982,-21,-1.33,39.3,19990.280487804877,63.34080717488789,6.456953642384105,61.34185303514377,95.28228722727965,3.078270660451494,17.677221510883484,27.882778489116518,null,2071806.7599999998,2321846.2500000005,-250039.4900000007,2.0331201836366617,14.641744548286603,5.771437940646008,1.9839317920970652,24.2,Media (300-600m),Lontano (>90km)
055018,Montecchio,TR,Umbria,10,42.66461302549276,12.299073092400102,366,49.2172,3,86.3,3.7,89.9,1475,455.04587155963304,69.54022988505747,-19,52.86101694915254,33.6271186440678,1.0847457627118644,58.98305084745763,1592,426.271186440678,-117,-7.35,28.8,20202.886712095402,59.64125560538116,7.155322862129145,59.55497382198953,96.41159643603902,3.3630465453374834,365.32305084745764,37.001681355932206,81.47076610169492,3258971.8000000003,3766365.2300000004,-507393.43000000017,0.31443272179200665,2.5466451847617066,1.2707239748453822,0.2624603710825841,30,Media (300-600m),Medio (70-90km)
055016,Lugnano in Teverina,TR,Umbria,10,42.56819407843849,12.31522242042952,424,29.8297,3,75.5,4.2,79.7,1396,371.2121212121212,80.36175710594316,4,51.33452722063037,35.100286532951294,1.4326647564469914,55.44412607449857,1429,313.6986301369863,-33,-2.31,57.5,19241.343200740055,62.92559899117276,6.902985074626866,71.37858642407278,87.93991776771749,10.398098955405882,23.81961318051576,59.91443409742119,null,1631487.0699999998,1379480.71,252006.35999999987,0.5205074236304682,1.5871209966437225,1.1519426588543147,0.44086694351214506,46.8,Media (300-600m),Medio (70-90km)
055021,Monteleone d'Orvieto,TR,Umbria,10,42.90829763917764,12.043573446710331,489,24.0978,3,117.8,4.9,122.7,1357,348.46153846153845,75.32299741602067,12,50.75829034635225,33.38246131171702,1.694915254237288,57.03758290346352,1376,333.3333333333333,-19,-1.38,15.1,21154.21701720841,65.47770700636943,5.688073394495413,64.32748538011695,94.17230544814801,4.885484961369134,12.795814296241709,202.5377597641857,null,1864128.09,1995578.7499999995,-131450.65999999945,92.69311064718163,6.6805845511482245,6.680584551148224,91.64926931106471,56.3,Media (300-600m),Lontano (>90km)
055003,Alviano,TR,Umbria,10,42.58843419100755,12.279235249611064,247,23.8952,3,78.3,2.5,80.8,1330,328.44827586206895,59.66386554621849,-4,49.49624060150376,28.64661654135338,1.4285714285714286,62.63157894736842,1403,272.26277372262774,-73,-5.2,56.2,18779.673807205454,60.82840236686391,7.553956834532374,62.134502923976605,71.37739034476685,3.694274698129285,306.9861954887218,493.4218120300752,2.255639097744361,5562150.9,6766862.799999999,-1204711.8999999985,0.4442446518761404,0.7324748129148266,0.7298304995108021,0.2485654599783166,55.7,Bassa (<300m),Medio (70-90km)
055019,Montefranco,TR,Umbria,10,42.60208547552558,12.753491906809167,397,10.0869,1,80.6,4.0,84.6,1255,232,65.78599735799207,-4,47.80239043824701,27.729083665338646,1.3545816733067728,60.318725099601586,1256,210,-1,-0.08,22,19820.976034858388,62.787723785166236,7.532956685499058,74.54401268834259,82.64723382379856,9.855596856983565,519.6045099601594,18.067346613545816,1.9123505976095618,3312678.2,3475111.3,-162433.09999999963,0.38671948688926616,0.047160913035276364,0.03772873042822109,0.34899075646104516,124.4,Media (300-600m),Medio (70-90km)
055020,Montegabbione,TR,Umbria,10,42.91080665820517,12.119841381779635,591,51.059,3,116.3,5.9,122.2,1098,384.15841584158414,80.29556650246306,14,52.08469945355191,35.33697632058288,1.4571948998178506,55.46448087431693,1118,339.3162393162393,-20,-1.79,44.8,18561.014722536805,59.674796747967484,7.3232323232323235,63.79155435759209,87.13444097876972,6.963173746910976,106.92936247723134,51.81251366120218,null,1353487.6899999997,1216330.99,137156.69999999972,8.237179487179487,90.86538461538461,26.474358974358974,7.596153846153846,21.5,Media (300-600m),Lontano (>90km)
055026,Penna in Teverina,TR,Umbria,10,42.492936071325396,12.363011243813226,308,10.0033,3,66.5,3.1,69.6,1022,379.3103448275862,68.92561983471074,11,51.11839530332681,32.28962818003914,0.9784735812133072,59.1976516634051,1051,294.2857142857143,-29,-2.76,85,21921.14210526316,61.61449752883031,7.196029776674938,70.03891050583658,91.3481883477084,5.2140638294732815,71.11959882583172,9.16824853228963,1.8622309197651663,3286450.0399999996,3204657.4200000004,81792.61999999918,6.312900274473924,93.50411710887465,13.998170173833484,5.946935041171089,102.2,Media (300-600m),Vicino (50-70km)
055025,Parrano,TR,Umbria,10,42.86013935471566,12.134454969231012,436,40.0911,3,110.5,4.4,114.9,490,457.5,83.52059925093633,10,54.97959183673469,37.3469387755102,0.6122448979591837,54.48979591836734,498,568.75,-8,-1.61,-111.3,22016.280839895015,62.2568093385214,5.88235294117647,59.42622950819672,67.33356954912584,2.5317068984326125,626.4871632653062,29.830020408163264,2.2448979591836733,2454782.0400000005,2334952.5,119829.5400000005,1.2352739334324603,44.30973350108658,29.31488047580922,1.2123984902207479,12.2,Media (300-600m),Lontano (>90km)
055027,Polino,TR,Umbria,10,42.5813726803117,12.86277354094174,833,19.5678,1,81.3,8.3,89.6,220,326.0869565217391,80.32786885245902,16,51.64090909090909,34.090909090909086,0.45454545454545453,55.45454545454545,219,463.1578947368421,1,0.46,-137.1,17469.888157894737,64.86486486486487,6.493506493506493,24.271844660194176,65.32686940355265,19.640414172832664,508.6722727272727,282.4903636363636,null,2118672.6100000003,1578842.5999999999,539830.0100000005,0.20309723280020311,11.11111111111111,0.8631632394008631,0.19463484810019463,11.2,Alta (>600m),Medio (70-90km)
056059,Viterbo,VT,Lazio,12,42.43757333665326,12.063271472578535,330,406.2267,3,69.4,3.3,72.7,66393,214.65982366100803,56.28501482981027,693,46.5687346557619,24.56885515039236,1.750184507402889,63.985661138975495,66113,193.9255791030064,280,0.42,20.7,22032.995900615948,63.80049969358412,7.595671320793364,110.14234337695306,81.90476042510865,6.285485267600667,93.76285843387105,98.83106999231848,36.421487355594714,96217001.28999999,111853777.32000002,-15636776.030000031,4.405170139804801,42.93990640601034,41.470539386656505,3.0559707689752527,163.4,Media (300-600m),Medio (70-90km)
056050,Tarquinia,VT,Lazio,12,42.25653771332108,11.765487931691773,139,279.6282,5,72,1.4,73.4,15856,260.0477042337507,61.49928702383377,130,48.44021190716448,27.50378405650858,1.6145307769929365,61.91977800201817,16153,215.9518828451883,-297,-1.84,44.1,22001.81002000667,61.89085783326621,9.336283185840708,75.19031573692749,74.23372384621669,3.8816502130103405,27.305672931382443,126.41058652875881,15.602321518668013,24157837.07000001,28634860.56000001,-4477023.489999998,1.0629095555629748,4.848652241610087,4.649242881814291,0.40579956475947954,56.7,Bassa (<300m),Medio (70-90km)
056021,Civita Castellana,VT,Lazio,12,42.30111526752777,12.437372551543017,152,84.221,3,44.6,1.5,46.1,15070,241.33333333333334,55.45698370125851,73,47.22926343729264,25.22229595222296,1.8447246184472461,64.32647644326477,15455,205.52455357142858,-385,-2.49,35.8,19984.047139016897,59.00868676545733,9.199559679194842,101.68715668323307,84.12507300341076,6.76180742656541,60.102039814200396,58.425355673523555,10.744672196416724,35319293.019999996,35319293.02,-7.450580596923828e-9,18.153573013759434,76.70883266755438,74.51176209498446,7.57878384376387,178.9,Bassa (<300m),Molto vicino (<50km)
056057,Vetralla,VT,Lazio,12,42.3112889341877,12.024971886328297,312,113.7711,3,59.8,3.1,62.9,13358,227.12765957446808,58.30765584261673,106,47.22832759395119,25.572690522533314,1.6619254379398114,63.16813894295553,13446,195,-88,-0.65,32.1,19752.27493917275,60.796670630202144,9.150675195451315,68.13566969993232,60.51637177617921,16.002999659574407,9.915887108848631,110.35192244347957,7.158241503219045,18866489.95,19815658.149999995,-949168.1999999955,0.3786615164018377,2.483539636555175,2.3898984578468383,0.3321335557311328,117.4,Media (300-600m),Vicino (50-70km)
056036,Montefiascone,VT,Lazio,12,42.5395401918582,12.018903142820761,607,104.9301,3,81,6.1,87.1,12951,265.04424778761063,61.86726659167604,135,48.22229943633696,27.750752837618712,1.6832677013358042,61.77901320361362,13005,238.3344803854095,-54,-0.42,26.7,20180.55251948052,63.884749130650775,7.548526240115025,79.51305955774713,64.27177348573714,2.743305149288536,49.48716006485985,46.12819859470311,4.558672689367617,16764673.589999998,16646425.569999993,118248.02000000514,8.161518711584844,12.83746985139656,12.588500739127051,7.811405897455846,123.4,Alta (>600m),Medio (70-90km)
056039,Nepi,VT,Lazio,12,42.223060949719404,12.331273919007351,229,83.7096,3,38.1,2.3,40.4,9535,195.14824797843667,52.56,57,45.941583639223914,22.779234399580492,1.7724174095437861,65.54798112218144,9185,163.00085251491902,350,3.81,32.1,21095.9631661442,58.88585647776529,9.185441941074524,77.92898150116946,83.1967419319804,10.943838616001683,84.42302045097011,108.26735815416885,10.074052438384898,13497755.069999998,12795214.469999997,702540.6000000015,1.752827140549273,8.04119547657512,7.980613893376415,0.6714458804523427,113.9,Bassa (<300m),Molto vicino (<50km)
056042,Orte,VT,Lazio,12,42.44453633839455,12.391380013152938,137,69.559,3,60.9,1.4,62.2,9120,183.05531167690958,54.68113975576662,168,45.623684210526314,22.861842105263158,1.9517543859649125,64.64912280701755,9081,167.37880032867707,39,0.43,15.7,22571.66575694333,62.041303976787844,8.668341708542714,70.73600705156457,90.49278883665644,1.104356214093222,11.234956140350878,396.715663377193,0.5482456140350878,16893014.080000002,14501204.050000004,2391810.0299999975,6.882793017456359,89.67581047381546,69.12718204488777,3.308395677472984,131.1,Bassa (<300m),Vicino (50-70km)
056035,Montalto di Castro,VT,Lazio,12,42.380218864014886,11.580060591234401,38,190.0462,5,92.3,0.4,92.7,8671,246.63774403470717,58.37442922374429,50,47.631991696459465,26.225348864029524,1.660708107484719,63.14150616999192,8770,206.55430711610487,-99,-1.13,40.1,20589.45963658028,60.5060506050605,10.399131143089873,89.20995298704277,72.80559682891061,18.305546371573598,266.25498673740054,94.4516676277246,10.363289124668436,25046152.489999995,21807438.640000004,3238713.8499999903,47.746768152712335,50.03020418025855,43.68732632596352,13.48314606741573,45.6,Bassa (<300m),Lontano (>90km)
056045,Ronciglione,VT,Lazio,12,42.28710367289504,12.217987058032424,443,52.5258,3,48.5,4.4,52.9,8390,266.7857142857143,58.033527971369374,110,47.90381406436234,26.710369487485103,1.6209773539928487,63.2777115613826,8343,218.76955161626694,47,0.56,48,19973.096818337326,59.76364659538548,9.872701555869872,85.97445600756859,86.05839784901991,5.401248847528102,8.061386174016686,103.3380286054827,18.590263408820025,19804502.75,19804502.749999993,7.450580596923828e-9,2.9582074521651562,43.62726586102719,43.41641490433031,2.7819738167170183,159.7,Media (300-600m),Vicino (50-70km)
056052,Tuscania,VT,Lazio,12,42.39261093450763,11.827630966695942,172,208.6814,3,77.5,1.7,79.2,8205,249.20273348519362,59.661412726211324,-48,47.57221206581353,26.666666666666668,1.5722120658135286,62.63254113345521,8168,211.0766045548654,37,0.45,38.1,20075.32978905848,59.04669260700389,9.913921044820421,70.0474279460051,87.56603175248647,5.509460688761606,15.187051797684338,182.79166605728216,24.450282754418037,10202377.679999998,8926439.770000001,1275937.9099999964,2.104791759964174,24.6949171518137,24.084751455441108,1.6933497536945814,39.3,Bassa (<300m),Medio (70-90km)
056024,Fabrica di Roma,VT,Lazio,12,42.325481042117495,12.325707263019416,300,34.786,3,49.1,3.0,52.1,8161,198.6556359875905,54.769580883747395,52,46.02904055875506,23.538782012008333,1.776743046195319,64.61217987991668,8094,163.07403936269915,67,0.83,35.6,20675.88245964085,59.281549746097426,9.477311889718552,63.62530413625304,92.58021295264935,4.101579332362883,9.974267859330965,36.920171547604454,6.760800147040804,8818504.279999997,9855315.319999995,-1036811.0399999972,26.196017584690974,70.64908197569176,68.39927592448927,18.722523920351694,234.6,Media (300-600m),Vicino (50-70km)
056048,Soriano nel Cimino,VT,Lazio,12,42.43806298078847,12.243501087205425,481,78.5355,3,63.1,4.8,67.9,7853,278.26649417852525,59.32237776425239,99,48.39971985228575,27.390806061377816,1.48987648032599,62.76582197886158,7992,230.02232142857142,-139,-1.74,48.2,19913.93530564962,59.93957703927493,8.795586883236286,74.50684759391883,90.55754843011071,4.857982022788914,28.41756271488603,94.34011715268049,1.8117152680504265,9445571.759999998,10182717.829999998,-737146.0700000003,4.88637188702534,52.9732084513178,51.978508676395855,4.218398315544906,100,Media (300-600m),Vicino (50-70km)
056049,Sutri,VT,Lazio,12,42.225222917696534,12.244527042635236,302,60.9412,3,41.4,3.0,44.5,6707,261.53846153846155,59.084440227703986,106,48.19949306694498,26.867451915908752,1.5655285522588342,62.85969882212614,6539,214.6981627296588,168,2.57,46.8,23199.7515757444,57.836436483620076,9.779411764705882,75.22853289375094,79.43902504060722,14.271876213813684,14.932305054420755,77.10525868495603,28.196755628447892,7249826.459999999,6946761.28,303065.17999999877,1.583949313621964,13.931577490491179,13.28261961636645,0.7965881014137646,110.1,Media (300-600m),Molto vicino (<50km)
056014,Capranica,VT,Lazio,12,42.26055661165256,12.154931696610637,367,40.9683,3,48.8,3.7,52.4,6341,216.361071932299,54.734016593460225,58,46.95883929979499,24.191767859958997,1.3089418072859171,64.62703043683962,6357,172.27602905569006,-16,-0.25,44.1,19757.181609195402,60.264252507952044,9.381898454746135,73.19766524688437,90.66363401932574,4.391523134852075,34.48890868948116,32.933922094306894,0.3220312253587762,6614735.530000001,7107756.07,-493020.5399999991,6.183368869936034,93.44705046197583,84.78322672352525,4.854299928926794,154.8,Media (300-600m),Vicino (50-70km)
056060,Vitorchiano,VT,Lazio,12,42.47037222762153,12.17747576536262,285,30.143,3,68.4,2.9,71.2,5250,139.6067415730337,48.137697516930025,-15,43.70247619047619,18.933333333333334,2.038095238095238,67.5047619047619,5234,102.87081339712918,16,0.31,36.7,24289.720502092052,64.16736871665263,6.696610861576153,58.15061963775024,87.63250082471508,9.564015790175786,75.18642857142858,380.7351561904762,null,7228181.9,6925625.72,302556.18000000063,2.627840909090909,29.450757575757574,28.219696969696972,2.355587121212121,174.2,Bassa (<300m),Medio (70-90km)
056001,Acquapendente,VT,Lazio,12,42.76234809950441,11.886762098461054,387,131.6022,3,107.9,3.9,111.8,5225,299.6168582375479,66.45428480407773,56,49.393875598086126,29.933014354066984,1.588516746411483,60.07655502392345,5346,288.00738007380073,-121,-2.26,11.6,20041.254360465115,65.53137811415957,7.562277580071175,103.3959400493265,87.3114920009707,7.1335795661284545,42.476937799043064,181.94720191387557,0.7617645933014354,13422331.999999996,17251141.389999997,-3828809.3900000006,6.6372462488967345,16.381288614298324,14.851426890261843,4.707266843189173,39.7,Media (300-600m),Lontano (>90km)
056015,Caprarola,VT,Lazio,12,42.32894722780841,12.205460856297757,494,57.5769,3,53.1,4.9,58.1,5157,234.12563667232598,61.712135465663216,27,47.32596470816366,26.740352918363392,1.9585030056234247,61.838278068644556,5265,209.65732087227414,-108,-2.05,24.5,18854.0749470339,61.73533083645443,8.341056533827619,61.39841177609917,83.09379708017195,7.229748642799342,102.70632344386271,329.40121000581735,32.40113825867753,8814409.430000002,8803170.600000007,11238.829999994487,0.48948603965835874,35.22801058888167,34.049248289296244,0.3296538634433845,89.6,Media (300-600m),Vicino (50-70km)
056012,Canino,VT,Lazio,12,42.4436808023512,11.69410063418275,224,124.0376,3,89.4,2.2,91.6,5021,261.6236162361624,64.031362299902,43,48.28281218880701,28.24138617805218,1.7725552678749252,60.963951404102765,5122,230.01658374792703,-101,-1.97,31.6,16281.161872384937,58.26771653543307,11.244377811094452,70.88959491660047,74.1060005083814,9.788451627309662,61.28307906791476,74.84106552479585,17.240794662417844,6864424.610000001,6440334.58,424090.0300000012,9.240121580547113,70.94224924012158,62.755825734549134,0.60790273556231,40.5,Bassa (<300m),Lontano (>90km)
056038,Monterosi,VT,Lazio,12,42.184528568757244,12.297482264363317,280,10.6835,3,35.4,2.8,38.2,4759,151.17004680187208,51.12734201333757,46,44.548644673250685,20.361420466484557,1.9121664215171257,66.16936331162009,4729,116.89373297002724,30,0.63,34.3,21909.15056542811,57.20190779014308,10.452961672473867,64.85138224901267,82.63983627077988,9.714395868521814,0,56.61766547594032,null,3792901.22,3331078.73,461822.4900000002,0.820462759590466,0.23939848226010763,0.22777719671350044,0.3021534242117863,445.5,Bassa (<300m),Molto vicino (<50km)
056005,Bassano Romano,VT,Lazio,12,42.20529817008412,12.173237324552252,360,37.5458,3,42.9,3.6,46.5,4611,275.6578947368421,59.10973084886128,95,48.51594014313598,27.260897852960316,1.431359791802212,62.84970722186076,4578,245.4728370221328,33,0.72,30.2,20373.65643783613,58.12586445366529,9.428879310344827,48.632218844984806,65.63912161754062,15.979567917918033,17.869551073519844,277.7132791151594,93.70389720234222,6317275.419999999,8067530.729999998,-1750255.3099999987,0.5993761378032811,10.366119811350885,7.896221694648199,0.3939061651637904,122.8,Media (300-600m),Molto vicino (<50km)
056058,Vignanello,VT,Lazio,12,42.38227517972125,12.300646622699027,364,20.5272,3,55.7,3.6,59.3,4252,262.3059866962306,62.414056531703594,60,48.33443085606773,27.82220131702728,1.2699905926622765,61.57102539981185,4325,214.02214022140222,-73,-1.69,48.3,18079.879072892174,58.390022675736965,9.701928696668615,60.12584479142391,85.97886068895629,9.242767392978367,29.121601599247413,95.0372648165569,16.074550799623708,6955013.579999998,7234363.029999998,-279349.4500000002,2.995008319467554,95.78480310593456,94.17637271214642,0.5546311702717693,207.1,Media (300-600m),Vicino (50-70km)
056055,Vasanello,VT,Lazio,12,42.42007682448279,12.340733414473338,273,28.9622,3,58.9,2.7,61.7,3961,216.95278969957081,59.46054750402576,18,46.286291340570564,25.523857611714213,1.6409997475385005,62.71143650593285,3953,188.43813387423936,8,0.2,28.5,20764.572931785195,61.48030242737763,8.30860534124629,51.70682730923695,90.81632278845164,5.248818898174922,75.97415804089877,49.37326432719011,null,9509096.170000002,9509096.169999996,5.587935447692871e-9,8.949853834045424,89.00382280188892,86.59770631886666,7.578142568023388,136.8,Bassa (<300m),Vicino (50-70km)
056041,Oriolo Romano,VT,Lazio,12,42.1734258433321,12.128712185552772,428,19.3109,3,42.8,4.3,47,3696,243.7017994858612,56.676557863501486,1,47.44209956709957,25.649350649350648,1.6233766233766231,63.82575757575758,3708,194.05034324942793,-12,-0.32,49.7,20544.62563303467,60.19417475728155,9.056122448979592,68.26122010212309,85.03883436030365,8.620368774089949,25.44994588744589,151.32968073593074,10.306412337662337,4059276.319999999,4326151.299999999,-266874.98,0.10812956742949377,1.0332380887707182,0.616651953384142,0.10029409152880582,191.4,Media (300-600m),Molto vicino (<50km)
056008,Bolsena,VT,Lazio,12,42.6345101671158,11.975722639024521,321,63.5723,3,92,3.2,95.2,3690,427.52613240418117,69.57720588235294,10,51.640921409214094,33.2520325203252,1.5176151761517616,58.97018970189703,3757,370.2453987730061,-67,-1.78,57.3,18599.993810178818,61.86950485886163,9.784075573549257,98.08676906494206,84.50872933957055,7.099869256523332,36.79210298102981,148.07908943089433,31.455046070460703,5948962.15,6549606.550000004,-600644.4000000032,3.7647058823529407,11.018255578093306,10.75050709939148,2.9127789046653145,58,Media (300-600m),Lontano (>90km)
056023,Corchiano,VT,Lazio,12,42.35371366071198,12.362018562628847,205,33.0307,3,51.3,2.1,53.4,3526,209.33660933660934,55.53595059550066,22,46.38825865002836,24.163357912648895,2.297220646625071,64.29381735677822,3574,169.4805194805195,-48,-1.34,39.9,18085.902691511386,57.74095071958133,9.809264305177113,64.678003902983,91.96793890034147,2.4060876236234976,0,105.88104367555303,0.06948383437322746,3051516.05,3572619.95,-521103.9000000004,5.080213903743315,73.69652406417111,73.59625668449198,4.979946524064171,106.7,Bassa (<300m),Vicino (50-70km)
056003,Bagnoregio,VT,Lazio,12,42.61187239193704,12.09134295699448,487,72.8084,3,85.6,4.9,90.5,3302,359.23344947735194,66.43145161290323,-11,50.34161114476075,31.22350090854028,1.6050878255602665,60.0847970926711,3501,333.2247557003257,-199,-5.68,26,20193.56820877817,63.55889724310777,8.315256688358641,93.0780559646539,56.222093282333375,3.734322092568122,0,92.0265657177468,null,9854599.640000002,7766047.38,2088552.2600000026,2.5156570706804904,6.036524393452977,5.926003894531866,2.078837955897058,45.4,Media (300-600m),Lontano (>90km)
056034,Marta,VT,Lazio,12,42.52611163081051,11.9267523805632,313,33.5405,3,83.7,3.1,86.8,3200,290.8536585365854,66.84045881126173,38,49.1703125,29.812499999999996,2.03125,59.9375,3283,283.48082595870204,-83,-2.53,7.4,19273.05380411938,62.350494019760795,9.304084720121027,76.5904879555281,90.71469916645853,3.655144192210486,82.013828125,233.7642,2.01825,4056487.04,4723185.809999999,-666698.7699999986,9.35672514619883,36.09782030834662,35.56618819776715,9.090909090909092,95.4,Media (300-600m),Medio (70-90km)
056011,Canepina,VT,Lazio,12,42.37848445092873,12.216856917263966,492,20.8478,3,57.7,4.9,62.6,2917,233.7579617834395,56.07276618512574,2,47.285910181693524,25.16283853273912,1.988344189235516,64.0726774082962,2945,216.46706586826346,-28,-0.95,17.3,19561.36961665878,63.12700106723585,7.578124999999999,78.39780896953098,85.31965684170702,7.368416832768461,6.470003428179637,61.488395611930066,null,3418864.3500000006,3219511.130000001,199353.21999999974,32.52212389380531,66.8141592920354,53.31858407079647,27.544247787610626,139.9,Media (300-600m),Vicino (50-70km)
056007,Blera,VT,Lazio,12,42.23129649953367,11.999213734231358,270,92.9141,3,54.9,2.7,57.6,2886,281.1188811188811,60.69042316258352,35,48.43485793485794,27.85862785862786,1.3513513513513513,62.23146223146223,3035,250.30674846625766,-149,-4.91,30.8,19973.093959731545,56.88325991189427,10.407632263660018,55.6860114055686,81.77785274593168,10.787533993983095,3.465003465003465,397.95825363825367,null,3454439.6200000006,4316002.850000001,-861563.23,0.09349301985805146,4.671970189465783,2.244837777882031,0.07506249623012018,31.1,Bassa (<300m),Vicino (50-70km)
056053,Valentano,VT,Lazio,12,42.58528715190613,11.794862548775486,540,43.4947,3,95.4,5.4,100.8,2848,312.16730038022814,61.45124716553288,42,48.938553370786515,28.827247191011235,1.6502808988764044,61.93820224719101,2722,316.18257261410787,126,4.63,-4,19982.46460980036,65.08215962441315,7.737104825291182,73.69942196531792,84.00618274526683,3.745058811103181,126.59439606741574,126.13709620786517,162.6262640449438,4380481.6099999985,4539592.529999998,-159110.91999999993,2.5048169556840074,3.047819232790331,2.9952706253284287,2.4522683482221055,65.5,Media (300-600m),Lontano (>90km)
056027,Gallese,VT,Lazio,12,42.37663247870379,12.404937640436865,144,37.1734,3,53.2,1.4,54.7,2543,273.9463601532567,62.28462029355456,22,48.8399528116398,28.116397955171056,1.1797090051120724,61.620133700353904,2649,243.1578947368421,-106,-4,30.8,19662.906537007024,60.76585059635907,7.984790874524715,59.32531989143079,82.42976364741511,12.200559908327882,88.533311049941,118.9810066850177,42.69071569012977,3854842.0299999993,3834056.5599999996,20785.46999999974,8.467989363878093,69.74841480875435,67.33483329924319,2.9453876048271623,68.4,Bassa (<300m),Vicino (50-70km)
056017,Castel Sant'Elia,VT,Lazio,12,42.251419543763674,12.380114293876268,222,23.9151,3,39.9,2.2,42.2,2431,228.34008097165992,50.06172839506173,-2,46.639654463183874,23.200329082682025,1.3986013986013985,66.63924310983134,2477,155.87301587301587,-46,-1.86,72.5,18887.7011002445,57.018633540372676,9.378084896347483,64.79217603911981,81.75519634938514,11.024123689588349,12.916495269436446,79.58578362813655,21.43125874125874,2302611.0300000003,2697746.5900000003,-395135.56000000006,5.830845771144279,65.57213930348259,65.41293532338308,3.323383084577115,101.7,Bassa (<300m),Molto vicino (<50km)
056030,Grotte di Castro,VT,Lazio,12,42.67260101830538,11.866969972956538,472,33.42,3,100,4.7,104.8,2379,437.7142857142857,65.43810848400557,22,51.102143757881464,32.19840269020597,1.5973097940311056,60.44556536359815,2450,372.94685990338166,-71,-2.9,64.8,20120.608079748163,65.47945205479452,8.42911877394636,81.46897425073871,96.13624008695581,1.3103133683492625,15.287465321563682,61.28552332912989,74.70413619167718,7197175.190000001,7332574.999999997,-135399.80999999586,52.70700636942676,45.70063694267516,45.54140127388535,43.47133757961784,71.2,Media (300-600m),Lontano (>90km)
056054,Vallerano,VT,Lazio,12,42.368763505224855,12.257258509805078,397,15.4534,3,55.4,4.0,59.4,2376,264.0316205533597,63.29896907216495,0,48.73947811447812,28.114478114478114,1.8518518518518516,61.23737373737374,2445,233.33333333333334,-69,-2.82,30.7,20663.526887871853,61.362103843560355,8.080808080808081,74.212271973466,47.421144965048946,39.32241757874286,65.46482744107743,498.0934175084175,1.1296296296296295,3685525.2100000004,4223042.149999999,-537516.939999999,2.3485204321277595,97.36965711601691,97.32268670737436,0,153.8,Media (300-600m),Vicino (50-70km)
056018,Castiglione in Teverina,VT,Lazio,12,42.65147098508592,12.181509645569458,220,19.8891,3,87.2,2.2,89.4,2297,225.91240875912408,63.603988603988604,12,46.92773182411842,26.948193295602962,1.52372659991293,61.123204179364386,2280,204.7138047138047,17,0.75,21.2,19435.472770795932,60.9375,9.110169491525424,70.76923076923077,77.57696244352155,16.13337436011121,89.4358162821071,194.54105354810625,0.26121027427078797,3515344.3200000003,3205410.8,309933.5200000005,2.671118530884808,0,0,2.671118530884808,115.5,Bassa (<300m),Medio (70-90km)
056056,Vejano,VT,Lazio,12,42.19725252391337,12.079049468762511,389,44.3071,3,47.5,3.9,51.4,2156,288.12785388127855,65.08422664624808,7,49.0556586270872,29.267161410018556,1.3450834879406308,60.575139146567714,2157,238.15261044176708,-1,-0.05,50,20924.547231270357,62.335653518948185,9.234234234234235,55.89194224499301,90.5011016677163,3.1207453178388382,46.82326530612245,18.832082560296847,34.71866883116883,2142921.9100000006,2188913.5399999996,-45991.62999999896,0.11889260035101626,2.489750924997752,1.059376363351772,0.06360920635026358,48.7,Media (300-600m),Vicino (50-70km)
056031,Ischia di Castro,VT,Lazio,12,42.53048189626215,11.664558322774763,406,104.9434,3,97.8,4.1,101.9,2116,320.6030150753769,65.44175136825645,9,49.858695652173914,30.151228733459355,1.3232514177693762,60.444234404536864,2205,270.98214285714283,-89,-4.04,49.6,17295.533164876815,60.03159557661928,9.63139120095125,48.643592142188965,91.4176259048449,5.54633732905733,0,21.635831758034026,72.88358223062382,4316741.709999999,4337068.96,-20327.25000000093,1.5262378237644207,4.677470036360372,4.457512232347264,0.9336984333617633,20.2,Media (300-600m),Lontano (>90km)
056029,Graffignano,VT,Lazio,12,42.56030888421787,12.228232566152252,188,29.1023,3,76.4,1.9,78.3,2073,299.52830188679246,69.08646003262643,1,49.829232995658465,30.631934394597206,1.20598166907863,59.14134105161602,2151,266.52360515021456,-78,-3.63,33,19014.146023468056,59.42261427425822,9.744214372716199,51.70777988614801,63.43893359269881,29.811940482166737,0,167.2135214664737,82.56183791606368,2356205.150000001,3800215.3400000003,-1444010.1899999995,30.82901554404145,54.317789291882555,53.97236614853195,22.02072538860104,71.2,Bassa (<300m),Medio (70-90km)
056043,Piansano,VT,Lazio,12,42.51036413849741,11.844253430871694,410,26.605,3,86.3,4.1,90.4,2016,317.7664974619289,68.98575020955575,37,50.01934523809524,31.051587301587304,1.4384920634920635,59.176587301587304,1922,364.81481481481484,94,4.89,-47,17790.509554140128,61.96473551637279,9.336609336609335,71.57676348547717,82.10230727434731,8.318745277388729,17.503993055555558,12.355525793650795,1.2103174603174602,1994776.8899999997,2146726.2799999993,-151949.38999999966,43.04347826086957,56.30434782608695,51.52173913043478,30.869565217391305,75.8,Media (300-600m),Lontano (>90km)
056047,San Lorenzo Nuovo,VT,Lazio,12,42.669002424151564,11.917555829133978,497,26.735,3,97.6,5.0,102.6,2007,352,65.04934210526316,35,49.78176382660688,30.692575984055804,1.345291479820628,60.58794220229198,1995,323.75690607734805,12,0.6,28.2,18747.55072463768,60.52202283849919,7.365792759051186,72.52856433184301,90.23567836626147,7.996623976800821,19.440847035376184,277.2623966118585,null,5636525.4,6273746.350000001,-637220.9500000002,23.532699832308552,76.02012297372835,70.48630519843488,18.557853549468977,75.1,Media (300-600m),Lontano (>90km)
056025,Faleria,VT,Lazio,12,42.237452410167904,12.444371630448268,202,25.6785,3,37.5,2.0,39.5,2002,250.7246376811594,56.89655172413793,43,48.214285714285715,25.92407592407592,1.7482517482517483,63.73626373626373,1984,219.06976744186048,18,0.91,31.7,20732.882783882786,59.891388673390225,8.530805687203792,45.7286432160804,89.37728263065009,2.7443925512153613,0,499.44914585414585,0.17482517482517482,4001201.37,4039522.2300000004,-38320.860000000335,3.316708229426434,43.77805486284289,42.7930174563591,3.2793017456359106,78,Bassa (<300m),Molto vicino (<50km)
056016,Carbognano,VT,Lazio,12,42.3238335753728,12.281567426831892,379,17.4109,3,50.1,3.8,53.8,1973,195.41666666666666,56.09177215189873,-23,46.230613279270145,23.770907247845923,1.824632539280284,64.06487582361885,1932,199.11111111111111,41,2.12,-3.7,18655.437319884728,61.992031872509955,9.005847953216374,61.760164693772516,88.09976721750323,7.832509455003263,93.90770907247845,150.67310694374052,null,3262193.15,3622965.3699999996,-360772.21999999974,2.1850302185030217,97.76847977684798,97.72198977219895,0,113.3,Media (300-600m),Vicino (50-70km)
056037,Monte Romano,VT,Lazio,12,42.32392166783595,11.903463260362965,239,86.2375,3,67.7,2.4,70.1,1862,229.95594713656388,67.29559748427673,4,47.2389903329753,28.034371643394202,1.5574650912996777,59.77443609022557,1914,178.96678966789668,-52,-2.72,51,20195.74963072378,62.362637362637365,10.158311345646439,41.666666666666664,77.6518435734921,4.959609822571252,56.833694951664874,270.57160042964557,11.200343716433942,4789025.770000001,4388945.240000002,400080.52999999933,0.012772984529482785,1.874283420361962,1.682080415061173,0.012164747170935984,21.6,Bassa (<300m),Medio (70-90km)
056009,Bomarzo,VT,Lazio,12,42.50383644421596,12.24992718994719,254,39.6448,3,69.8,2.5,72.4,1679,250,64.44662095984329,17,48.05896366885051,27.99285288862418,1.5485407980941037,60.81000595592615,1684,207.5829383886256,-5,-0.3,42.4,21773.12197231834,60.50338818973863,8.49194729136164,61.94163192376415,64.35780823182216,25.851685824825587,48.35169148302561,29.39946992257296,null,2176983.1099999994,2325114.8899999997,-148131.78000000026,3.578561917443409,76.74766977363515,46.37150466045272,3.3954727030625826,42.4,Bassa (<300m),Medio (70-90km)
056013,Capodimonte,VT,Lazio,12,42.555663817512404,11.88853301944344,335,61.2907,3,88.2,3.4,91.5,1650,424.6268656716418,74.23442449841605,21,52.21212121212121,34.484848484848484,0.9696969696969697,57.3939393939394,1647,380.7142857142857,3,0.18,43.9,22786.14864864865,65.3125,8.866279069767442,79.64071856287426,94.09388698405301,0.5217559045296093,4.220309090909091,15.424121212121214,null,2412231.1900000004,3000764.7800000017,-588533.5900000012,5.368875539703398,35.74244415243101,35.31068143420312,5.068518866153558,26.9,Media (300-600m),Lontano (>90km)
056022,Civitella d'Agliano,VT,Lazio,12,42.60998644369789,12.201380283268724,265,32.9554,3,82.3,2.7,84.9,1453,317.72151898734177,83.2282471626734,7,50.47900894700619,34.549208534067446,1.1699931176875429,54.57673778389539,1500,287.73006134969324,-47,-3.13,30,19547.872593950506,59.67741935483871,9.75609756097561,63.06306306306306,58.739761646381986,29.816421449941977,60.64560220233999,8.89803854094976,20.421472814865798,2151041.7399999998,2122358.619999999,28683.120000000577,0.3582877616443522,7.693758250047143,7.618329247595701,0.1791438808221761,44.1,Bassa (<300m),Medio (70-90km)
056026,Farnese,VT,Lazio,12,42.57076360408841,11.718782394946853,346,52.3751,3,98.1,3.5,101.5,1350,399.12280701754383,72.85531370038413,1,51.891851851851854,33.7037037037037,1.2592592592592593,57.851851851851855,1385,423.8532110091743,-35,-2.53,-24.7,17369.271251193888,57.802746566791505,7.768924302788845,58.14788226848528,75.0378861636521,7.397950058010107,0,17.756985185185187,null,2856839.7299999995,3072034.7199999997,-215194.99000000022,1.4569907537125246,12.790697674418606,12.013168954889325,1.4569907537125246,25.8,Media (300-600m),Lontano (>90km)
056019,Celleno,VT,Lazio,12,42.56010528562835,12.1254190589372,405,23.8238,3,79.2,4.1,83.3,1314,256.7567567567568,67.17557251908397,12,49.05707762557078,28.9193302891933,1.5220700152207,59.817351598173516,1304,218.9873417721519,10,0.77,37.8,19966.856548856547,62.24226804123711,8,67.99083269671505,38.843895512826435,46.62326199840698,59.72208523592086,57.325578386605784,1.2485464231354642,3217174.5299999993,2331300.7600000002,885873.7699999991,29.59830866807611,69.97885835095138,69.97885835095138,19.661733615221983,55.2,Media (300-600m),Medio (70-90km)
056006,Bassano in Teverina,VT,Lazio,12,42.463694275812465,12.311865171568595,318,12.1676,3,64.2,3.2,67.4,1273,329.35779816513764,58.13664596273292,1,49.08876669285153,28.201099764336213,1.0997643362136684,63.236449332285936,1251,245.58823529411765,22,1.76,83.8,19249.454845814977,58.75776397515528,9.213051823416507,63.141278610891874,88.63490118283612,0.4380351558214086,120.11131186174391,86.89377847604085,494.98347996857814,5802267.179999999,5802267.180000002,-2.7939677238464355e-9,0.11895321173671689,99.20697858842189,99.20697858842189,0,104.6,Media (300-600m),Vicino (50-70km)
056028,Gradoli,VT,Lazio,12,42.61924332059365,11.879726655114677,466,43.8083,3,94.5,4.7,99.1,1228,568.5714285714286,61.578947368421055,14,52.039087947882734,32.410423452768725,0.8143322475570033,61.88925081433225,1276,388.8888888888889,-48,-3.76,179.7,16358.189271255062,60.79470198675496,2.9598308668076108,74.28115015974441,78.75898495075565,8.764128953599476,30.51694625407166,18.0507328990228,0.745114006514658,2106158.8899999997,2008533.0800000008,97625.80999999889,18.894472361809044,80.80402010050251,78.69346733668343,16.884422110552762,28,Media (300-600m),Lontano (>90km)
056046,Villa San Giovanni in Tuscia,VT,Lazio,12,42.28161018015324,12.04390293290568,338,5.2792,3,56.3,3.4,59.7,1217,305.93220338983053,64.90514905149051,3,49.66392769104355,29.663105998356613,1.3968775677896468,60.640920295809366,1213,284.3478260869565,4,0.33,21.6,19170.581527936145,58.37765957446809,10.408163265306122,51.537822111388195,85.57543607689252,1.2012764752320337,7.26442070665571,14.0637797863599,32.76897288414133,1039700.47,1299909.6800000004,-260209.21000000043,5.279503105590062,94.61697722567288,83.95445134575569,5.0724637681159415,230.5,Media (300-600m),Vicino (50-70km)
056020,Cellere,VT,Lazio,12,42.50763484754137,11.768575259617618,337,37.1949,3,90.1,3.4,93.5,1092,415.7303370786517,72.51184834123222,14,51.83150183150183,33.88278388278388,1.5567765567765568,57.96703296703297,1076,433.72093023255815,16,1.49,-18,14908.446511627906,58.68167202572347,10.53921568627451,57.88982259570495,89.03769795320055,6.079977255068862,123.17391941391942,23.976272893772894,8.907509157509157,1873144.2500000002,1909466.0500000003,-36321.80000000005,62.56544502617801,6.282722513089005,6.020942408376964,26.178010471204193,29.4,Media (300-600m),Lontano (>90km)
056004,Barbarano Romano,VT,Lazio,12,42.24868673689592,12.074551826940942,338,37.5635,3,51.9,3.4,55.3,985,336.2637362637363,67.51700680272108,7,51.11979695431472,31.065989847715734,1.7258883248730965,59.69543147208122,1004,326.74418604651163,-19,-1.89,9.5,18931.42127071823,59.136212624584715,8.717948717948717,68.8622754491018,82.11530161215511,9.232852310121809,2.1551269035533,34.44631472081218,89.94871065989847,1806673.52,2387822.9700000007,-581149.4500000007,0.0662574745683375,2.835885839360236,1.960034546185745,0.0553793817287597,26.2,Media (300-600m),Vicino (50-70km)
056010,Calcata,VT,Lazio,12,42.205669619220686,12.423913564309206,226,7.6323,3,34.2,2.3,36.5,902,240,60.49822064056939,10,47.93569844789357,26.607538802660752,1.1086474501108647,62.3059866962306,894,187.27272727272728,8,0.89,52.7,18986.70442477876,52.88966725043783,13.218390804597702,44.34589800443459,75.42141331189099,18.66805955413388,0,31.21951219512195,null,1471141.1500000001,2164729.8900000006,-693588.7400000005,3.4022863364180727,22.75449101796407,21.720195971692977,3.3478497550353836,118.2,Bassa (<300m),Molto vicino (<50km)
056040,Onano,VT,Lazio,12,42.684071184480445,11.810541042573035,491,24.5076,3,103.6,4.9,108.5,865,428.7671232876712,80.58455114822547,7,52.78265895953757,36.1849710982659,0.5780346820809248,55.3757225433526,944,343.01075268817203,-79,-8.37,85.8,15435.443396226416,58.87096774193549,9.876543209876543,54.87122060470325,73.30200782851949,18.70053132252896,343.5498150289018,56.07468208092485,6.2168208092485555,3158494.19,3158494.1900000004,-4.656612873077393e-10,98.08917197452229,0,0,70.06369426751593,35.3,Media (300-600m),Lontano (>90km)
056033,Lubriano,VT,Lazio,12,42.64557022559014,12.109588964553161,463,16.6905,3,88.5,4.6,93.1,858,303.44827586206895,69.23076923076923,-7,49.03146853146853,30.76923076923077,0.8158508158508158,59.09090909090909,890,257.89473684210526,-32,-3.6,45.6,16663.048780487807,66.00397614314116,7.262569832402235,83.62369337979094,86.63327827179401,4.9443737313599305,35.01353146853147,null,null,2968386.3700000006,2922362.6000000006,46023.77000000002,1.4231365365647457,0.04227138227420037,0,1.1131463998872764,51.4,Media (300-600m),Lontano (>90km)
056002,Arlena di Castro,VT,Lazio,12,42.457832357305975,11.814814878732982,258,21.8706,3,83.4,2.6,86,791,394.44444444444446,81.83908045977012,6,51.30088495575221,35.9039190897598,1.2642225031605563,54.9936788874842,830,321.1764705882353,-39,-4.7,73.3,17062.263959390864,57.45614035087719,13.245033112582782,47.50593824228029,85.914490011953,7.177337577361414,262.5485082174463,40.51788874841972,null,1920029.5599999998,1573883.3199999998,346146.24,21.29032258064516,43.225806451612904,34.83870967741935,16.7741935483871,36.2,Bassa (<300m),Medio (70-90km)
056032,Latera,VT,Lazio,12,42.61797868834949,11.811147105478733,503,22.4295,3,97.5,5.0,102.5,778,617.0212765957447,76.41723356009071,11,54.30976863753213,37.275064267352185,1.4138817480719794,56.68380462724936,775,731.578947368421,3,0.39,-114.6,16583.584269662922,61.990950226244344,8.361204013377927,53.455019556714475,84.19314690275691,9.89516676423246,740.5857455012853,null,481.3915552699229,2355248.8699999996,2444924.65,-89675.78000000026,2.111394248270841,2.3480160174736078,2.329814342919548,1.820167455405897,34.7,Media (300-600m),Lontano (>90km)
056044,Proceno,VT,Lazio,12,42.783228692352,11.801783037974282,420,42.0138,3,113.3,4.2,117.5,536,669.2307692307693,59.523809523809526,-7,52.24813432835821,32.46268656716418,0.9328358208955223,62.68656716417911,522,518.75,14,2.68,150.5,17055.74154589372,65.06024096385542,6.086956521739131,84.45297504798465,87.35276446913707,7.162009224634818,748.5662313432836,20.320876865671643,154.92492537313433,2442992.190000001,2652864.05,-209871.85999999894,19.414893617021274,42.819148936170215,37.234042553191486,19.148936170212767,12.8,Media (300-600m),Lontano (>90km)
056051,Tessennano,VT,Lazio,12,42.46181071015864,11.782716756436084,295,14.731,3,85.6,3.0,88.5,291,500,70.17543859649123,-6,53.27147766323024,34.36426116838488,2.0618556701030926,58.76288659793815,296,452.17391304347825,-5,-1.69,47.8,15940.06008583691,62.874251497005986,9.482758620689655,49.8220640569395,60.59157199002212,39.4084280099779,0,24.02553264604811,null,1447026.8899999997,930422.5499999999,516604.33999999973,8.24561403508772,69.47368421052632,69.47368421052632,6.140350877192982,19.8,Bassa (<300m),Medio (70-90km)
